Feature,Importance
Machine5.Temperature3.C.Actual,0.42619464
Machine2.RawMaterial.Property1,0.19295514
Machine3.MaterialTemperature.U.Actual,0.1199578
Machine5.Temperature4.C.Actual,0.032880336
Machine5.ExitTemperature.U.Actual,0.016155278
Machine1.RawMaterial.Property3,0.01463712
Machine4.ExitTemperature.U.Actual,0.012773754
Machine5.Temperature6.C.Actual,0.0102368295
Machine2.MaterialTemperature.U.Actual,0.008278083
Machine4.Temperature3.C.Actual,0.008169096
FirstStage.CombinerOperation.Temperature2.U.Actual,0.007695495
Machine1.MaterialPressure.U.Actual,0.006856706
Machine1.MotorAmperage.U.Actual,0.006851422
Machine1.Zone2Temperature.C.Actual,0.006307125
Machine1.ExitZoneTemperature.C.Actual,0.0058139646
Machine1.MaterialTemperature.U.Actual,0.00567452
AmbientConditions.AmbientHumidity.U.Actual,0.0056018094
Machine3.Zone2Temperature.C.Actual,0.0055192183
Machine3.Zone1Temperature.C.Actual,0.005163097
Machine3.MaterialPressure.U.Actual,0.0051224255
Machine4.Temperature4.C.Actual,0.005118971
FirstStage.CombinerOperation.Temperature1.U.Actual,0.004747368
Machine2.RawMaterialFeederParameter.U.Actual,0.0045035733
Machine3.MotorAmperage.U.Actual,0.0041650115
Machine4.Temperature2.C.Actual,0.004105178
Machine4.Temperature1.C.Actual,0.004082285
Machine3.MotorRPM.C.Actual,0.0040789093
Machine3.RawMaterialFeederParameter.U.Actual,0.0040194215
Machine2.Zone1Temperature.C.Actual,0.0039184913
AmbientConditions.AmbientTemperature.U.Actual,0.0038892862
Machine1.RawMaterial.Property1,0.0038578964
Machine3.ExitZoneTemperature.C.Actual,0.0038575814
Machine1.RawMaterialFeederParameter.U.Actual,0.0036722485
Machine5.Temperature1.C.Actual,0.003482119
Machine4.Temperature5.C.Actual,0.0034801078
FirstStage.CombinerOperation.Temperature3.C.Actual,0.003465766
Machine1.MotorRPM.C.Actual,0.0034292256
Machine5.Temperature2.C.Actual,0.003330808
Machine2.Zone2Temperature.C.Actual,0.0033105195
Machine2.MaterialPressure.U.Actual,0.0031508699
Machine2.ExitZoneTemperature.C.Actual,0.0031235535
Machine4.Pressure.C.Actual,0.0030473866
Machine5.Temperature5.C.Actual,0.0029490557
Machine2.MotorAmperage.U.Actual,0.0029254542
Machine1.Zone1Temperature.C.Actual,0.002845194
Machine2.MotorRPM.C.Actual,0.0026957735
Machine2.RawMaterial.Property2,0.0015318128
Machine1.RawMaterial.Property2,0.0003723007
Machine1.RawMaterial.Property4,0.0
Machine2.RawMaterial.Property4,0.0
Machine3.RawMaterial.Property4,0.0
Machine3.RawMaterial.Property3,0.0
Machine3.RawMaterial.Property1,0.0
Machine2.RawMaterial.Property3,0.0
Machine3.RawMaterial.Property2,0.0
