Actual,Predicted,Residual
6.65,6.097096,0.552904033660889
6.6,6.4812517,0.11874828338623011
6.66,6.4337506,0.22624937057495131
6.86,6.6357994,0.22420059204101594
6.19,6.451758,-0.26175790786743125
6.55,6.5046697,0.04533033370971662
6.7,6.5105376,0.18946237564086932
5.9,5.9013247,-0.0013247489929195666
6.34,6.6059732,-0.26597324371337905
6.14,6.04275,0.09725011825561491
6.25,6.2010827,0.048917293548583984
5.43,1.0604892,4.369510822296142
6.53,6.4713025,0.05869749069213892
6.56,6.558505,0.0014949417114253905
6.43,6.4235187,0.006481342315673544
6.86,6.3263893,0.5336106872558597
6.68,6.9224143,-0.24241430282592802
6.42,6.3195777,0.10042230606079094
6.38,6.4304748,-0.050474758148193466
6.89,6.6667833,0.22321666717529265
0.0,0.8643277,-0.8643277287483215
6.69,6.6556506,0.03434938430786172
6.44,6.5366163,-0.09661632537841758
6.69,6.467345,0.2226547622680668
6.69,6.480619,0.2093810462951664
6.23,6.014934,0.21506593704223675
5.87,5.989888,-0.11988819122314442
6.49,6.3453083,0.1446916961669924
6.35,6.4947777,-0.14477767944335973
6.33,6.340718,-0.010717792510986257
6.63,6.474362,0.15563810348510732
6.34,6.2431364,0.09686359405517564
7.22,6.1139584,1.1060416412353513
6.74,6.402138,0.33786176681518576
6.69,6.2465205,0.4434794807434086
6.45,6.5585485,-0.10854845046997053
6.45,6.449555,0.0004450798034669745
7.38,7.287431,0.09256923675537099
6.24,6.343697,-0.10369707107543924
6.61,6.58431,0.025689945220947585
7.91,7.954392,-0.04439195632934556
0.0,0.2579544,-0.2579543888568878
6.0,5.989594,0.010406017303466797
5.98,6.2091713,-0.2291712951660152
6.63,6.71359,-0.08359014511108409
7.34,6.7993712,0.5406287574768065
7.52,8.443991,-0.9239907073974614
6.52,6.5431256,-0.023125629425049254
6.67,6.403253,0.26674692153930657
6.74,6.463014,0.2769858741760256
6.98,6.7090216,0.2709784317016606
5.68,6.135266,-0.45526582717895536
6.07,5.9476266,0.12237340927124052
0.0,5.869347,-5.869347095489502
7.15,7.230471,-0.08047113418579066
6.65,6.5321836,0.11781635284423864
6.67,6.0737715,0.5962285232543945
6.22,6.4544926,-0.2344925689697268
6.72,6.736327,-0.016327171325683842
6.93,7.288761,-0.3587611389160159
6.45,6.9440646,-0.49406461715698224
6.76,6.5176883,0.24231172561645486
6.06,6.0302777,0.02972227096557578
6.54,6.52555,0.014450111389160192
6.32,6.447467,-0.12746685028076143
6.76,6.659738,0.10026193618774393
6.87,6.5664816,0.303518409729004
6.38,6.4660225,-0.08602249145507823
6.53,5.620099,0.909900932312012
6.07,6.07085,-0.0008498954772946377
6.65,6.1447344,0.5052656173706058
0.0,0.46488377,-0.4648837745189667
7.31,7.223792,0.08620792388915977
6.52,6.469764,0.05023576736450153
7.35,6.662916,0.68708381652832
6.16,6.0837054,0.07629457473754897
6.56,6.3814583,0.17854171752929648
6.44,6.437678,0.002322139739990625
6.6,6.5315638,0.06843624114990199
0.0,5.9831643,-5.983164310455322
6.36,6.403576,-0.043575897216796555
6.52,6.5890646,-0.06906459808349652
6.68,6.488978,0.19102209091186495
6.67,6.386733,0.28326694488525384
6.72,6.3789544,0.34104558944702124
6.64,6.645209,-0.00520883560180696
7.61,7.749885,-0.13988508224487273
6.44,6.1034474,0.33655256271362344
6.46,6.509082,-0.049081840515136754
6.06,5.9541087,0.10589128494262656
6.29,6.2046337,0.08536628723144535
6.48,6.4450917,0.03490827560424847
6.51,6.32995,0.18005014419555643
6.43,6.365636,0.06436412811279268
6.99,7.183537,-0.19353700637817361
5.76,6.0504646,-0.29046463012695334
6.33,6.366732,-0.036732120513915945
6.59,6.3512216,0.2387784385681151
6.596437344,6.296572,0.2998651355954589
6.61,6.344811,0.26518903732299837
6.64,6.4549136,0.18508638381957976
6.49,6.520578,-0.030577907562255646
6.01,5.998904,0.011095771789550568
6.77,6.4172883,0.35271169662475543
5.96,4.0434527,1.9165472602844238
6.11,6.1474566,-0.03745664596557585
10.06,7.9215593,2.138440666198731
6.22,6.7299256,-0.5099256324768069
6.48,6.436151,0.04384897232055707
0.0,7.1259894,-7.1259894371032715
11.01,10.258186,0.7518136596679685
6.29,6.1618104,0.1281896018981934
6.82,6.6016665,0.218333549499512
5.95,6.0143046,-0.06430463790893537
11.04,10.627408,0.41259197235107337
6.14,6.0865355,0.05346454620361296
6.55,6.5231037,0.02689628601074201
6.8,6.701693,0.0983069419860838
6.0,5.998788,0.0012121200561523438
11.23,10.915177,0.3148226547241215
6.8,6.556114,0.24388580322265607
6.37,6.3251224,0.044877643585205185
6.49,6.46897,0.021030178070068573
7.15,6.5400887,0.6099113464355472
8.27,6.4621334,1.8078665924072261
6.45,6.6469874,-0.19698743820190412
6.23,6.4377794,-0.2077794265747066
6.69,6.5387144,0.15128559112548867
6.11,6.000129,0.10987077713012727
6.15,6.1203303,0.02966966629028356
6.34,6.1069384,0.23306163787841783
6.32,5.9639482,0.35605175018310575
6.06,6.0304685,0.02953153610229453
6.59,6.3750663,0.21493371963500962
6.46,6.385905,0.0740952110290527
8.35,7.9681153,0.381884670257568
6.14,6.1182375,0.0217625045776364
6.26,6.0524936,0.20750642776489236
6.36,6.2436137,0.11638628005981477
5.97,6.110186,-0.14018610000610376
6.33,6.5792327,-0.2492326927185058
6.48,6.553541,-0.07354118347167926
6.72,6.556722,0.16327783584594702
5.07,3.548962,1.5210378837585452
6.28,6.5768967,-0.2968966674804685
6.58,6.662753,-0.08275310516357415
6.39,6.413621,-0.023620948791504226
6.66,6.431945,0.22805515289306655
5.25,2.0818703,3.1681296825408936
6.43,6.4843593,-0.05435926437377958
6.29,5.991166,0.29883388519287113
6.44,6.6022596,-0.16225963592529258
7.76,8.337721,-0.5777208709716799
6.86,6.539227,0.32077299118042024
6.02,6.0090594,0.010940570831298402
6.14,5.9948497,0.14515031814575163
11.23,10.911181,0.3188185501098637
5.99,6.5518064,-0.5618064498901365
10.95,10.097749,0.8522512435913079
6.51,6.4800916,0.02990842819213846
6.46,6.4382815,0.021718463897705043
6.26,6.1701474,0.08985258102416971
7.01,6.7209935,0.2890064811706541
6.54,6.447333,0.0926671409606934
6.23,6.6885314,-0.45853139877319293
6.02,5.894037,0.12596323013305621
6.72,7.863692,-1.1436918067932131
7.26,6.4811196,0.7788803672790525
6.95,6.795585,0.15441484451293963
5.77,6.068844,-0.2988438415527348
6.45,6.609919,-0.1599190711975096
6.32,6.418916,-0.09891622543334933
5.9,6.067891,-0.16789112091064418
6.26,6.5011044,-0.24110435485839865
6.43,6.0946813,0.335318737030029
10.14,6.403434,3.7365662002563482
6.58,6.362665,0.2173348236083985
6.64,6.4602838,0.17971624374389616
6.08,6.244973,-0.16497318267822259
6.43,6.494503,-0.06450302124023466
6.58,6.425407,0.15459306716918952
4.92,3.6111774,1.3088225555419921
6.5,6.4329214,0.0670785903930664
6.43,6.6560946,-0.22609455108642607
6.42,6.4763255,-0.05632551193237312
6.51,6.477993,0.03200698852539041
6.09,5.9899306,0.10006937026977525
5.88,5.833213,0.04678714752197255
6.42,6.4916234,-0.07162340164184577
5.93,5.984057,-0.0540569496154788
6.16,6.441748,-0.2817481422424315
6.57,6.6887603,-0.11876028060913058
6.53,6.374301,0.15569904327392603
4.77,2.6615243,2.108475704193115
5.86,5.9786797,-0.11867965698242156
6.56,6.4626813,0.09731870651245078
6.62,6.3846526,0.23534738540649425
6.32,6.431238,-0.11123817443847628
6.52,6.4516015,0.06839849472045856
6.39,6.388274,0.0017258071899410865
6.75,6.4338536,0.3161463737487793
6.47,6.4292445,0.040755481719970454
5.95,5.964921,-0.014920997619628729
6.57,6.540732,0.029268093109131144
5.18,4.473435,0.706565074920654
6.55,6.246885,0.30311517715454084
0.0,5.957625,-5.957624912261963
6.58,6.541114,0.03888614654541023
6.95,7.055943,-0.10594301223754865
5.97,6.1772485,-0.20724847793579126
6.61,6.376202,0.23379789352417024
6.79,6.248969,0.5410309219360352
6.02,5.977765,0.04223491668701129
6.86,6.3878894,0.47211061477661165
6.46,6.3836966,0.07630344390869137
5.99,6.031086,-0.04108596801757791
6.22,6.0319037,0.18809625625610327
6.72,6.3438787,0.3761212539672849
6.3,6.1895676,0.11043243408203107
6.35,6.4247956,-0.0747956275939945
6.62,6.4920306,0.12796937942504893
11.08,10.236306,0.8436938095092774
6.57,6.6686645,-0.09866445541381808
6.54,6.4810266,0.05897335052490238
6.42,6.497898,-0.0778981018066407
0.0,0.5939074,-0.5939074158668518
6.64,6.6099358,0.030064239501952805
6.7,6.470035,0.22996492385864276
6.75,6.537203,0.2127971649169922
6.7,6.390702,0.3092982292175295
6.6,6.356213,0.24378690719604457
6.63,6.458687,0.17131317138671864
6.77,6.423804,0.34619619369506793
6.28,5.9849796,0.2950203704833987
0.0,0.1982947,-0.19829469919204712
10.64,10.899778,-0.2597783660888666
7.44,7.3094673,0.13053268432617227
6.59,6.4979544,0.09204563140869126
6.25,6.0254555,0.22454452514648438
6.56,6.4616847,0.09831529617309531
6.61,6.3739123,0.23608766555786165
6.38,6.3962827,-0.016282672882080185
6.56,6.509094,0.05090576171874961
6.53,6.4129834,0.11701658248901392
6.57,6.4017053,0.16829473495483427
6.42,6.5594187,-0.13941867828369148
6.84,6.513682,0.3263181114196776
6.29,6.106987,0.18301300048828129
6.51,6.3413405,0.16865945816040018
7.25,6.6589665,0.5910334587097168
6.46,6.473986,-0.013986148834228551
6.62,6.6176996,0.0023003768920899503
6.33,6.4456544,-0.11565439224243157
5.16,5.223397,-0.06339677810668931
7.43,8.393695,-0.963694877624512
6.95,6.4944444,0.4555556297302248
6.84,6.314448,0.5255521202087401
6.04,6.245085,-0.20508476257324215
6.2,6.0487447,0.15125532150268572
5.78,5.8150315,-0.03503152847290014
6.03,5.902012,0.12798812866210962
6.91,6.9459934,-0.03599342346191392
7.02,6.6260185,0.3939814758300777
6.16,6.5939126,-0.4339126014709471
6.51,6.456211,0.05378890991210916
6.66,6.5166698,0.1433302497863771
6.75,6.3121037,0.4378962516784668
6.67,6.470356,0.1996440124511718
0.0,6.9164596,-6.916459560394287
6.46,6.4098945,0.05010553359985348
6.52,6.2311177,0.2888822746276851
6.62,6.437116,0.18288385391235362
6.18,6.3627896,-0.18278963088989286
6.45,6.441775,0.008225154876709162
6.71,6.4823394,0.2276606178283691
6.56,6.5788465,-0.01884645462036172
7.6,7.395504,0.20449600219726527
5.92,6.0301743,-0.11017425537109382
6.96,6.894955,0.06504484176635739
0.0,6.698289,-6.698288917541504
7.22,6.6919985,0.5280015182495115
6.57,6.2463827,0.3236172866821292
6.58,6.462962,0.1170378494262696
6.44,6.0047927,0.4352073097229008
6.93,6.3505325,0.5794674682617185
6.56,6.3770404,0.18295961380004844
5.82,6.0865088,-0.26650875091552706
5.98,6.0539007,-0.07390071868896442
6.7,6.402681,0.29731912612915057
6.69,6.53927,0.15073007583618203
6.23,6.2048936,0.025106410980225036
6.07,6.0295215,0.04047853469848661
6.61,6.307555,0.3024448013305667
6.98,7.423029,-0.44302894592285114
0.0,6.1082015,-6.108201503753662
6.19,6.0745034,0.11549657821655313
6.32,6.3571987,-0.03719871520996065
6.33,6.3804235,-0.05042354583740227
6.6,6.4974284,0.1025715827941891
5.78,5.989578,-0.20957777023315405
6.31,6.471373,-0.16137308120727578
6.5,6.5178223,-0.017822265625
5.4,6.048222,-0.6482220649719235
6.33,6.3973274,-0.06732742309570305
6.5,6.429454,0.07054615020751953
6.49,6.3002267,0.18977331161499045
0.0,2.4246747,-2.4246747493743896
7.37,4.6407194,2.729280586242676
6.36,6.3061047,0.05389533996582063
5.99,6.105826,-0.11582590103149393
5.89,6.034616,-0.14461599349975618
5.83,6.0421815,-0.21218149185180657
6.48,6.433646,0.04635379791259808
6.64,6.140087,0.4999128723144528
6.32,6.1733465,0.14665348052978544
6.57,6.5251093,0.04489070892334013
5.75,6.0082417,-0.2582416534423828
6.63,6.3299446,0.30005538940429677
7.36,8.269891,-0.9098907852172848
7.12,7.4040956,-0.2840956497192382
6.25,6.002683,0.24731683731079102
6.4,6.4333735,-0.0333734512329098
4.81,3.0099783,1.800021705627441
6.62,6.4647093,0.1552907180786134
6.4,6.4978223,-0.09782228469848597
0.0,0.03990159,-0.03990159183740616
6.37,6.4175897,-0.04758966445922841
6.44,6.460445,-0.02044492721557578
6.48,6.392526,0.08747385025024457
6.47,6.7088847,-0.2388847160339358
6.5,6.516133,-0.016132831573486328
6.51,6.370677,0.13932300567626932
6.73,6.5731106,0.1568894195556645
6.77,5.788692,0.9813080024719234
6.43,6.562535,-0.1325348091125491
0.0,0.123418584,-0.12341858446598053
6.44,6.528008,-0.08800798416137656
0.0,6.450345,-6.450345039367676
6.67,6.1854,0.4845999908447265
6.46,6.001463,0.4585370635986328
6.77,6.712164,0.057836074829101136
6.42,6.420696,-0.0006957817077637429
6.13,5.9209747,0.2090252685546874
6.37,6.444033,-0.07403314590454091
7.3,6.7448883,0.5551116943359373
6.44,6.5182595,-0.07825952529907187
6.87,6.59829,0.27171003341674815
6.66,6.526345,0.1336552238464357
6.64,6.464741,0.17525876998901335
6.62,6.5530815,0.06691848754882823
6.42,6.256482,0.16351787567138665
6.04,6.021928,0.01807216644287113
6.37,6.387899,-0.017898921966552628
6.07,6.0735297,-0.0035297203063962
6.86,6.6413827,0.21861730575561555
6.76,6.6372876,0.12271238327026346
6.77,6.38259,0.38741018295288043
6.39,6.485175,-0.09517513275146516
7.5,7.218412,0.281588077545166
6.8,6.176487,0.6235130310058592
6.23,6.13954,0.09045980453491254
6.62,6.2326417,0.38735830307006847
6.83,5.7493997,1.0806003379821778
6.52,6.3141584,0.2058415603637691
6.41,6.4458513,-0.03585132598876939
6.58,6.5044,0.07560022354125984
6.69,6.4785123,0.2114877128601078
6.61,6.4778996,0.13210044860839876
7.86,8.149094,-0.2890936279296872
6.34,6.1468706,0.19312938690185533
6.61,6.2989216,0.3110784149169925
7.3,6.7525477,0.5474522590637205
6.88,6.3688855,0.5111144828796386
6.24,6.396459,-0.15645910263061502
6.49,6.3601933,0.12980674743652365
0.0,5.9005966,-5.900596618652344
6.35,6.340498,0.009502029418944957
6.49,6.4181886,0.07181142807006857
5.87,5.932192,-0.062191848754882706
5.2,4.289866,0.9101340293884279
6.77,6.900751,-0.130751113891602
5.47,5.1246977,0.34530231475830053
6.41,6.1338944,0.27610555648803725
6.28,6.052388,0.22761180877685572
6.18,6.4518557,-0.27185565948486357
6.61,6.4212246,0.18877540588378938
5.65,4.93774,0.7122601509094242
6.56,6.504067,0.055933055877685156
6.93,6.685706,0.24429386138915987
6.81,6.395165,0.41483503341674766
6.61,6.4896994,0.12030063629150423
6.46,6.0861063,0.37389369964599606
6.46,5.4189024,1.0410976028442382
6.33,6.3167033,0.013296680450439524
6.7,6.4513516,0.2486483573913576
6.5,6.374026,0.12597417831420898
6.14,6.054098,0.08590187072753874
6.5,6.2848144,0.21518564224243164
6.44,6.485091,-0.0450912094116207
6.47,6.5565,-0.08649995803833033
0.0,-0.7979172,0.7979171872138977
6.84,6.1942973,0.6457026863098143
6.22,6.498734,-0.27873399734497095
5.14,2.4762585,2.663741483688354
9.7,8.150126,1.5498735427856438
6.4,6.496304,-0.09630403518676722
6.26,6.0432315,0.21676851272582986
8.18,8.351316,-0.17131645202636747
6.97,6.5933247,0.37667533874511694
7.15,7.303194,-0.15319404602050746
7.59,7.39766,0.19234022140502915
6.84,8.003976,-1.1639758682250978
6.76,6.464246,0.2957542037963865
6.56,6.448699,0.11130100250244102
6.45,6.559418,-0.10941820144653303
6.62,6.3510046,0.26899539947509776
0.0,5.806211,-5.806210994720459
6.34,5.81562,0.5243800544738768
6.56,6.428359,0.13164096832275352
6.68,6.4101205,0.26987951278686495
6.76,6.0346293,0.7253706550598142
6.52,5.624597,0.8954029273986812
7.12,7.229164,-0.10916412353515614
6.8,6.6988387,0.10116128921508771
0.0,0.21441992,-0.2144199162721634
7.5,7.022685,0.47731494903564453
6.46,6.51286,-0.052859821319580114
6.22,6.1187015,0.10129854202270483
6.37,6.5382023,-0.16820228576660146
6.82,6.5226164,0.29738361358642607
7.08,6.751467,0.32853277206420906
6.31,6.0049953,0.30500465393066367
6.75,6.373364,0.3766360282897949
6.54,6.6265664,-0.08656641006469723
6.63,6.4329925,0.19700754165649403
6.12,6.033844,0.0861560058593751
6.37,5.993706,0.37629377365112315
6.07,6.448956,-0.3789560127258298
6.55,6.5801716,-0.03017158508300799
6.17,6.0091724,0.16082756042480462
7.02,8.35712,-1.3371195602416996
6.34,6.220951,0.11904891967773423
6.49,6.5714855,-0.08148551940917947
6.03,5.8804836,0.1495163726806643
6.98,6.1924706,0.787529449462891
6.26,6.5521393,-0.2921392822265627
6.13,6.07355,0.056449775695800675
7.18,6.6637793,0.5162207412719724
7.14,7.1482887,-0.008288726806640945
6.31,6.496444,-0.1864442253112797
6.63,6.5464597,0.08354032516479482
6.64,6.2818036,0.35819639205932585
6.5,6.3421593,0.15784072875976562
6.64,6.060771,0.5792290115356442
7.64,7.825515,-0.1855147933959964
6.39,6.082645,0.30735506057739226
5.74,5.9791183,-0.23911834716796854
6.58,6.379119,0.20088108062744148
6.55,6.3640203,0.18597965240478498
6.79,6.4528823,0.3371177101135254
6.59,6.4537616,0.13623842239379869
6.45,6.439506,0.01049394607543963
6.71,6.671246,0.038753948211669886
6.5,6.4906793,0.009320735931396484
6.46,6.123687,0.33631320953369137
6.56,6.538555,0.021444854736327734
6.24,6.000574,0.23942588806152365
6.59,6.5193586,0.07064136505126939
6.47,6.327462,0.1425378036499021
6.4,6.404312,-0.004312133789062145
6.3,6.4618406,-0.1618406295776369
6.58,6.50934,0.07066019058227546
0.0,5.9252415,-5.925241470336914
6.35,6.288126,0.06187400817871058
6.51,6.4648705,0.04512954711914041
6.62,6.616967,0.0030327987670899503
6.79,6.6662817,0.12371829986572269
5.64,4.9371057,0.7028943443298337
6.12,6.534099,-0.41409910202026357
6.08,6.0077276,0.07227237701416023
6.5,6.478549,0.02145099639892578
0.0,0.53397846,-0.5339784622192383
6.38,6.3648095,0.015190486907958878
6.68,6.5599074,0.1200925636291501
4.71,2.425952,2.2840480422973632
6.3,6.026113,0.2738869667053221
5.91,6.019551,-0.10955080032348619
7.08,6.5794806,0.5005193519592286
5.84,6.0262685,-0.1862684822082521
9.53,7.0411677,2.4888322639465326
6.9,6.299312,0.6006878852844242
6.46,6.2927036,0.1672963714599609
6.49,6.350672,0.13932823181152365
0.0,6.0426316,-6.04263162612915
10.84,10.696182,0.14381774902343736
6.58,6.502299,0.0777011680603028
6.09,5.9532313,0.13676866531372056
7.0,7.540946,-0.5409460067749023
6.56,6.4473934,0.11260658264160117
6.62,6.5422163,0.07778369903564464
6.38,6.454978,-0.07497798919677745
6.0,6.038614,-0.03861379623413086
6.62,6.378035,0.24196493148803722
6.6,6.510728,0.08927211761474574
6.72,6.6384063,0.08159372329711889
6.85,6.4785404,0.3714595794677731
7.33,7.1361217,0.19387825012207038
6.54,6.5206795,0.01932052612304691
6.37,6.495353,-0.12535322189331044
6.29,6.4427495,-0.15274950027465817
0.0,5.9949727,-5.9949727058410645
6.42,6.4609027,-0.04090269088745124
6.51,6.454672,0.05532814025878885
6.47,6.5537505,-0.08375051498413111
6.68,6.385618,0.29438179016113253
7.1,7.3218646,-0.22186460494995153
6.48,6.556398,-0.07639791488647418
6.5,6.070756,0.4292440414428711
5.28,3.2627606,2.0172393608093264
6.35,6.05327,0.29673013687133754
6.18,6.0060477,0.17395227432250948
6.48,6.527032,-0.04703189849853473
5.91,6.012327,-0.10232719421386705
5.79,6.0503035,-0.26030345916748043
6.65,6.5124965,0.13750352859497106
6.53,6.582431,-0.05243083953857397
6.51,6.3044424,0.2055575942993162
6.33,6.42923,-0.09923021316528313
6.18,6.014266,0.16573398590087862
6.52,6.415088,0.10491182327270465
6.49,6.4680676,0.021932353973388885
6.65,6.4952183,0.1547817230224613
0.0,5.8268976,-5.826897621154785
6.51,6.4834046,0.026595363616943146
6.06,5.8783774,0.18162256240844687
6.68,6.5011706,0.17882936477661104
6.39,6.420082,-0.03008209228515657
5.32,6.119211,-0.7992111968994138
6.32,6.071891,0.24810916900634794
6.64,6.179637,0.4603630447387692
6.15,6.083672,0.0663279533386234
5.61,5.974168,-0.3641678237915036
6.1,6.0554304,0.044569587707519176
6.5,6.4733863,0.026613712310791016
6.77,6.554507,0.21549322128295856
10.9,10.959423,-0.05942306518554652
6.43,6.3736815,0.056318454742431356
6.79,6.489983,0.3000169181823731
5.45,5.9683547,-0.5183547019958494
6.45,6.503564,-0.05356388092040998
5.8,6.087641,-0.28764076232910174
6.56,6.4175425,0.1424575424194332
6.59,6.4219055,0.16809448242187486
6.17,6.4918413,-0.3218413162231446
0.0,6.3231792,-6.323179244995117
7.67,7.9134264,-0.2434263992309571
6.325455071,6.0592933,0.2661618008889164
6.21,5.9795303,0.23046966552734371
6.52,6.6892695,-0.16926954269409222
6.39,6.3925486,-0.002548561096191726
6.52,6.305289,0.21471120834350543
6.19,6.356181,-0.16618114471435508
6.54,6.475274,0.06472591400146488
6.59,6.423601,0.16639884948730455
10.76,11.050206,-0.29020618438720724
6.82,6.588722,0.23127777099609403
6.92,7.5048413,-0.5848413276672364
6.44,6.3481064,0.09189361572265664
6.35,6.360158,-0.010157966613769887
6.57,6.34173,0.22826988220214872
7.31,6.8256693,0.4843307113647457
6.57,6.386431,0.18356878280639677
6.04,5.919656,0.12034420013427738
7.23,7.111383,0.11861703872680707
6.79,6.5093856,0.2806144142150879
6.47,6.4066954,0.06330463409423803
6.29,6.487801,-0.19780107498168942
7.24,6.1613116,1.078688373565674
6.99,6.555071,0.4349291229248049
6.86,6.6801133,0.17988668441772493
6.3,6.5373416,-0.2373415946960451
6.54,6.607289,-0.06728883743286129
6.57,6.1259446,0.4440553855895999
5.48,5.30618,0.17381999969482465
5.89,6.030335,-0.14033494949340852
6.61,6.613264,-0.0032640838623043678
8.91,5.7331343,3.1768657302856447
6.67,6.335762,0.3342379760742187
6.52,6.528461,-0.008460979461670348
10.9,10.940617,-0.04061660766601527
5.93,6.034748,-0.10474807739257841
6.69,6.4847274,0.20527261734008828
7.05,7.112646,-0.06264610290527362
6.5,6.454144,0.04585599899291992
6.6,6.6981883,-0.0981883049011234
6.35,6.4022584,-0.052258396148681996
6.41,6.471639,-0.06163915634155259
6.55,6.28967,0.26033000946044904
6.63,6.0357537,0.5942462730407714
0.0,5.7217145,-5.721714496612549
6.66,6.4741726,0.1858274078369142
7.42,7.1843905,0.2356094551086425
6.62,6.6610346,-0.04103458404541005
6.02,5.962291,0.057709236145019105
5.78,6.084664,-0.3046638679504392
6.42,6.379478,0.04052202224731438
4.93,0.17166209,4.758337907791137
6.24,6.3341665,-0.09416652679443338
6.85,6.425898,0.4241019248962399
6.59,6.3643317,0.22566827774047837
6.61,6.4483037,0.16169630050659212
5.76,5.738077,0.021922836303710724
6.62,6.516323,0.10367691040039073
5.67,6.0106583,-0.3406582641601563
6.7,6.5290174,0.1709825515747072
9.63,8.28213,1.3478697586059578
6.34,5.994906,0.34509405136108384
0.0,0.44208026,-0.4420802593231201
6.54,6.223029,0.3169708633422852
6.49,6.491399,-0.001398811340331818
6.77,6.5816154,0.1883845520019527
6.54,6.158637,0.3813629531860352
6.75,6.4519906,0.29800939559936523
6.6,6.5179677,0.08203229904174769
6.38,7.3868766,-1.0068765830993653
5.81,6.318479,-0.5084790611267094
6.57,6.4156055,0.15439445495605497
6.34,5.9341407,0.4058593177795409
6.66,6.641084,0.018915805816650533
6.4,6.1722164,0.22778358459472692
5.29,4.624454,0.6655459785461426
6.77,6.393591,0.37640907287597614
6.44,6.4131,0.0269002342224125
6.3,6.453578,-0.15357799530029315
6.54,6.4882445,0.051755466461181676
6.78,6.417573,0.36242702484130884
6.28,6.288545,-0.00854513168334936
7.28,6.9636602,0.3163397598266604
5.67,6.0423126,-0.37231262207031257
6.56,6.4288855,0.13111454010009727
6.5,6.5932155,-0.0932154655456543
6.56,6.392267,0.16773277282714805
6.33,6.451601,-0.12160102844238274
6.14,6.4364824,-0.29648242950439485
6.41,6.5188756,-0.10887559890747056
6.58,6.4653044,0.11469562530517585
6.14,6.075053,0.06494678497314421
6.35,6.5543327,-0.20433273315429723
6.69,6.583378,0.10662216186523477
6.96,6.5796666,0.38033338546752926
6.71,7.2909594,-0.5809593582153321
6.36,6.375299,-0.01529897689819304
6.35,6.467499,-0.11749877929687536
0.0,0.17780878,-0.17780877649784088
5.91,6.059965,-0.14996513366699205
6.57,6.4646072,0.10539276123046903
7.02,6.673133,0.34686710357665973
6.7,5.8688817,0.8311182975769045
6.24,6.5304017,-0.2904017066955564
6.22,6.178882,0.04111787796020483
6.04,6.025498,0.014502086639404332
6.47,6.085764,0.3842360687255857
6.46,6.4383273,0.021672687530517543
6.91,6.686829,0.22317090988159194
6.81,6.5448904,0.265109596252441
12.86,11.060932,1.7990678405761713
6.54,6.312674,0.2273259544372559
6.45,6.496506,-0.046506214141845525
6.18,6.1454883,0.034511737823486044
6.38,6.397194,-0.017193908691406357
6.43,6.031507,0.39849298477172823
6.33,6.335637,-0.00563709259033196
0.0,6.4536185,-6.45361852645874
6.44,6.501244,-0.06124406814575156
6.77,6.532644,0.23735620498657184
6.35,6.306748,0.04325208663940394
6.45,6.449653,0.00034685134887713076
6.48,6.2904863,0.1895136642456059
6.43,6.2332716,0.19672840118408175
6.64,6.405031,0.23496879577636687
5.79,6.001086,-0.21108623504638668
6.42,6.408969,0.01103107452392571
6.33,6.3262773,0.0037227439880371804
6.35,6.0959954,0.25400457382202113
0.0,6.003261,-6.003261089324951
6.4,6.3123,0.08769979476928746
5.73,6.058181,-0.32818080902099567
6.83,6.5155425,0.3144574928283692
6.4,6.370385,0.0296148300170902
6.55,6.5738516,-0.02385158538818377
0.0,2.7717013,-2.7717013359069824
6.14,6.039772,0.10022796630859343
6.46,6.341646,0.11835380554199215
6.43,6.5541954,-0.12419540405273466
6.32,6.553892,-0.2338921356201169
6.18,6.6284676,-0.4484675598144534
6.55,6.729639,-0.17963905334472674
5.95,5.971626,-0.02162580490112287
6.27,6.348545,-0.07854507446289105
6.59,6.5233827,0.06661733627319322
6.31,6.0086565,0.3013434982299801
6.29,6.105736,0.18426422119140629
6.26,6.054301,0.20569921493530252
6.31,6.463846,-0.15384620666503945
5.93,6.0435314,-0.11353141784667997
6.26,5.3597903,0.9002096748352049
6.89,6.6057134,0.2842866325378415
6.01,6.020361,-0.01036094665527365
6.38,6.428692,-0.04869186401367198
6.57,6.467926,0.10207397460937528
6.74,6.389994,0.35000585556030295
6.65,6.5254946,0.12450542449951207
6.52,6.4456077,0.07439233779907184
7.52,7.1268477,0.39315225601196246
6.93,6.670969,0.25903099060058565
6.67,6.8700776,-0.2000776100158692
6.57,6.3625946,0.20740539550781278
6.4,6.2567406,0.14325942993164098
6.94,6.452666,0.48733419418335
6.67,6.3479247,0.32207529067993157
6.57,6.249347,0.32065279006958036
6.56,6.4533477,0.10665231704711875
6.61,6.380394,0.22960601806640657
6.21,6.6220875,-0.41208747863769535
6.1,6.0888433,0.011156654357909801
6.43,6.007434,0.422566108703613
6.37,6.4221654,-0.0521653938293456
5.86,6.048383,-0.18838323593139616
6.0,5.972468,0.027532100677490234
6.7,6.590291,0.10970897674560565
6.5,6.3538465,0.14615345001220703
6.63,6.368777,0.2612232017517089
6.66,6.051679,0.6083208656311037
6.15,6.427638,-0.2776380538940426
6.3,6.304033,-0.004032802581787287
6.57,7.2991977,-0.7291976737976071
8.48,7.8449535,0.6350464630126957
6.22,6.5749626,-0.3549626159667971
6.35,6.1756377,0.17436227798461879
6.73,6.332741,0.3972592163085942
7.34,7.377956,-0.037955913543701314
6.02,6.0669947,-0.04699466705322308
6.25,5.90642,0.3435797691345215
5.97,6.0383463,-0.06834629058837915
5.82,6.3582096,-0.5382096099853513
6.25,5.4314938,0.8185062408447266
5.82,6.1345153,-0.3145152854919431
0.0,0.4831181,-0.48311808705329895
0.0,3.7989028,-3.798902750015259
6.48,6.512495,-0.03249504089355426
6.39,5.963487,0.42651285171508757
6.62,6.442971,0.17702877044677745
7.1,7.020717,0.07928285598754847
6.42,6.587825,-0.16782482147216804
6.55,6.241703,0.3082969665527342
6.33,6.3391366,-0.009136600494384695
6.69,6.4415812,0.24841875076293984
6.26,6.34448,-0.0844800376892092
6.54,6.490358,0.049642124176025426
6.61,6.6854043,-0.07540430068969695
6.57,6.5523887,0.01761133193969755
6.36,6.3792357,-0.01923574447631804
6.45,6.5359263,-0.08592634201049787
11.15,10.114013,1.0359872817993168
6.35,6.539217,-0.18921699523925817
6.37,6.151718,0.2182818603515626
6.58,6.5943007,-0.014300746917724538
6.48,6.51551,-0.03551008224487262
6.0,5.9381595,0.06184053421020508
6.53,6.3694057,0.1605942535400393
6.38,6.4116335,-0.03163349151611339
5.88,6.0844545,-0.2044545364379884
7.46,6.9909787,0.4690212821960449
5.36,6.7222567,-1.3622566604614255
6.47,6.3018727,0.1681272697448728
6.5,7.0863667,-0.5863666534423828
6.68,6.3254986,0.35450141906738253
8.99,8.370667,0.6193325424194338
6.49,6.1066303,0.3833696746826174
7.17,6.6572027,0.5127972793579101
6.44,6.5320854,-0.09208541870117148
6.13,6.0720873,0.05791271209716786
5.84,5.9444866,-0.10448661804199233
6.54,6.4480286,0.09197143554687504
0.0,-0.055826962,0.05582696199417114
6.53,6.4437976,0.08620241165161158
6.65,6.497356,0.15264406204223668
6.82,6.653681,0.16631919860839872
5.93,5.8737,0.056299858093261435
6.67,6.4261723,0.24382774353027337
6.35,6.336554,0.013445949554443004
6.43,6.5130568,-0.08305675506591825
6.06,6.4430995,-0.3830994987487797
5.84,5.9726467,-0.13264671325683608
6.53,5.9561152,0.5738847541809085
6.07,5.999343,0.07065708160400419
6.18,6.140098,0.03990190505981417
5.94,5.8527026,0.08729738235473672
6.5,6.438921,0.06107902526855469
6.86,6.246048,0.6139520263671878
6.65,6.1567554,0.49324455261230504
5.81,6.1381016,-0.32810157775878945
6.61,6.5328927,0.07710729598999055
6.65,6.3871613,0.26283874511718786
6.64,6.3194313,0.32056869506835906
5.07,2.5837684,2.4862316322326663
6.67,6.3340816,0.3359183502197265
6.44,6.48902,-0.04901987075805625
6.75,6.5624156,0.18758440017700195
6.28,6.126536,0.15346410751342798
5.99,6.487595,-0.4975950813293455
11.1,10.266196,0.8338037490844723
6.54,6.2561693,0.283830680847168
6.44,5.801063,0.6389369392395023
6.65,6.46272,0.18728008270263707
6.22,6.5983644,-0.3783643531799319
6.36,6.2820635,0.07793651580810579
6.77,6.5385685,0.231431503295898
6.5,6.468454,0.03154611587524414
6.02,5.990431,0.029569168090819886
6.18,4.481362,1.6986381340026853
6.77,6.682504,0.08749582290649371
6.85,6.391773,0.4582267761230465
7.23,7.1659923,0.06400774002075238
6.33,6.3922606,-0.06226055145263665
6.41,6.407561,0.0024391746520997515
6.4,6.3067317,0.09326829910278356
7.06,6.6707416,0.38925844192504844
6.7,5.290382,1.4096180915832521
6.45,6.1747746,0.275225353240967
6.34,6.4547086,-0.11470857620239272
6.85,6.591513,0.2584868431091305
6.66,6.482378,0.17762199401855483
6.45,6.4395986,0.010401439666748225
6.47,6.3645144,0.10548564910888647
6.57,7.1325803,-0.5625802803039548
5.97,6.1449156,-0.17491558074951197
7.53,8.320804,-0.790803642272949
6.83,6.3293552,0.500644760131836
6.39,6.4038334,-0.013833389282226882
6.66,6.552582,0.10741821289062514
5.99,6.087926,-0.09792591094970682
5.88,6.0248346,-0.14483463287353526
6.4,6.4665213,-0.06652126312255824
6.28,6.4751496,-0.1951496315002439
6.55,6.4285016,0.121498394012451
5.7,6.064743,-0.3647430419921873
6.58,6.2588215,0.32117851257324226
4.97,3.6386797,1.3313202571868894
6.53,6.302541,0.22745922088623072
6.56,5.874582,0.6854181861877437
6.44,6.4655576,-0.025557575225829687
6.33,6.407025,-0.07702486038208001
6.46,6.3383617,0.12163825988769528
6.66,6.522497,0.1375028228759767
6.73,6.522288,0.20771215438842816
6.71,6.4078116,0.30218835830688473
6.64,6.07873,0.5612698936462399
6.5,6.468366,0.031633853912353516
6.53,6.10515,0.42484977722167994
6.64,6.2462974,0.39370264053344695
10.92,10.647699,0.27230064392089837
6.42,6.4843545,-0.06435449600219734
6.28,6.4355235,-0.1555235099792478
5.59,6.593268,-1.0032679176330568
5.13,4.7370377,0.39296234130859364
6.96,6.6064954,0.35350461959838864
6.42,6.232038,0.18796197891235344
5.14,2.7529209,2.3870791339874264
6.41,5.7462635,0.6637364959716798
6.77,6.41981,0.3501901817321773
6.62,6.475065,0.14493476867675792
6.65,5.4848566,1.1651433944702152
6.74,6.4636116,0.2763883972167971
6.25,6.263509,-0.013508796691894531
6.62,6.3989654,0.22103464126586925
6.08,5.9166617,0.16333826065063484
6.87,6.1918545,0.6781455230712892
6.57,6.4402013,0.12979871749877958
6.89,6.224175,0.6658250236511227
6.56,6.517385,0.042614994049071875
6.38,6.521668,-0.1416679573059083
7.61,7.042793,0.5672072029113773
6.73,6.4932313,0.23676870346069379
6.53,6.291608,0.23839214324951197
6.27,6.173576,0.09642412185668903
6.89,6.865387,0.02461303710937468
6.48,6.398141,0.08185909271240277
6.51,7.466641,-0.9566409492492678
6.34,6.558913,-0.21891323089599624
6.26,6.445327,-0.1853268051147463
6.38,6.458966,-0.07896577835083018
6.75,6.538674,0.21132612228393555
6.6,6.4878325,0.11216745376586879
6.73,6.397566,0.33243415832519574
6.6,6.467658,0.1323419570922848
6.2,5.9494977,0.25050230026245135
6.67,6.3556333,0.31436674118041985
0.0,6.2438784,-6.243878364562988
6.43,6.348739,0.08126085281372042
6.61,6.225957,0.3840430831909183
6.46,6.1558685,0.30413146972656246
6.58,6.558248,0.021751956939697337
6.24,6.606355,-0.3663551902770994
7.71,8.416982,-0.7069816970825196
6.67,6.610774,0.05922595977783196
6.66,6.8539357,-0.1939357185363768
6.76,6.679726,0.08027387619018533
6.64,6.420951,0.21904911041259734
6.13,6.5014696,-0.37146961212158214
6.8,6.5281982,0.2718017578124998
7.31,7.191724,0.11827617645263633
6.54,6.515267,0.024733104705810582
6.41,6.4468293,-0.036829319000244
5.91,5.9825478,-0.07254776000976548
6.37,6.1235404,0.24645959854125987
7.99,8.321279,-0.3312785720825193
6.55,6.3474617,0.2025382995605467
6.69,6.8107715,-0.12077146530151328
6.44,6.531283,-0.09128290176391562
5.91,3.7306008,2.179399166107178
0.0,6.466948,-6.46694803237915
5.97,5.976563,-0.006562976837158452
6.66,6.6688833,-0.008883323669433452
5.76,6.0359354,-0.2759354019165041
7.14,6.5292935,0.6107064628601071
6.45,6.415549,0.03445119857788104
6.78,6.752547,0.027453212738037358
6.77,6.4538417,0.3161583137512203
6.58,6.7310085,-0.15100852966308587
0.0,3.2828689,-3.2828688621520996
6.02,6.072928,-0.05292795181274457
7.0,6.6923075,0.3076925277709961
6.49,6.260051,0.22994922637939474
4.61,2.4936652,2.116334781646729
6.85,6.4203877,0.4296122550964352
6.45,6.2582226,0.1917774200439455
7.5,7.285469,0.21453094482421875
11.04,11.033195,0.006805458068846804
5.39,4.77826,0.6117397689819333
0.0,0.2760819,-0.2760818898677826
6.28,6.573434,-0.2934338760375974
6.25,6.281675,-0.031674861907958984
6.89,6.7155304,0.17446960449218718
6.64,6.5189366,0.12106336593627898
5.48,4.7530103,0.7269897270202641
5.91,6.041653,-0.13165315628051744
6.63,6.2469516,0.38304841995239247
6.45,6.4509974,-0.0009973526000974786
6.46,6.595303,-0.1353030586242676
7.5,7.1793113,0.32068872451782227
6.35,6.531084,-0.18108406066894567
6.61,6.484647,0.12535320281982454
6.72,6.5289135,0.19108650207519506
6.64,5.991586,0.6484137916564938
6.5,6.4635553,0.036444664001464844
6.1,6.2383146,-0.13831462860107457
10.94,10.039206,0.9007944488525386
6.35,6.4687524,-0.11875238418579137
6.33,6.3935843,-0.06358425140380852
6.48,6.358279,0.12172077178955121
5.87,6.109058,-0.23905790328979482
6.48,6.387078,0.09292219161987347
6.08,6.0356126,0.04438741683959968
6.37,6.3458734,0.02412664413452159
6.5,6.4070673,0.09293270111083984
6.42,6.439486,-0.019486026763916087
6.73,6.4793696,0.25063035964965863
6.9,6.6306844,0.2693156242370609
6.7,6.5776663,0.12233371734619158
6.47,6.575049,-0.10504892349243189
6.69,6.370618,0.3193821334838871
0.0,6.0619335,-6.061933517456055
6.38,6.483944,-0.10394393920898448
6.63,6.4264402,0.20355976104736317
6.81,6.528944,0.2810559844970699
6.74,6.6675267,0.07247327804565451
6.55,5.8991528,0.6508472442626951
6.71,6.710256,-0.0002560997009277699
6.6,6.4919863,0.10801372528076136
7.35,7.0707583,0.2792416572570797
6.86,7.320316,-0.4603158378601071
6.49,6.4216723,0.06832765579223654
0.0,0.8980406,-0.8980405926704407
6.48,6.4943943,-0.014394302368163636
6.29,6.49469,-0.20468994140624996
6.35,6.1575356,0.19246444702148402
6.52,6.0596576,0.4603424263000484
0.0,2.3659935,-2.3659934997558594
6.4,5.2165284,1.1834715843200687
6.67,6.811284,-0.1412840652465821
6.94,6.679582,0.2604178810119633
0.0,6.175242,-6.175241947174072
6.51,6.366465,0.14353490829467752
6.4,6.427981,-0.02798089981079066
6.55,6.433745,0.11625509262084943
5.83,6.0610666,-0.23106662750244134
5.83,5.9984264,-0.16842643737792962
6.29,6.43247,-0.1424698448181152
6.83,6.557534,0.2724657821655274
6.56,6.5646276,-0.0046276473999027345
6.3,6.4779468,-0.17794675827026385
5.38,5.6216836,-0.24168359756469737
0.0,0.26262778,-0.2626277804374695
6.69,6.377537,0.31246322631835977
6.9,6.1496105,0.7503894805908207
6.65,6.4696603,0.1803397178649906
6.56,6.542477,0.01752286911010703
6.53,6.2525425,0.2774575042724612
6.53,6.466407,0.0635931777954104
6.28,5.9695296,0.31047037124633814
7.25,6.648514,0.6014862060546875
6.07,6.116093,-0.046093158721923544
6.49,6.577357,-0.08735681533813455
5.96,6.274152,-0.3141518020629883
10.91,10.989647,-0.07964691162109361
7.3,6.8789825,0.4210174560546873
6.6,6.4091268,0.1908732414245602
6.52,6.4868007,0.03319932937622028
6.74,6.5683036,0.17169641494750998
6.33,6.290062,0.03993804931640632
6.64,6.47031,0.16968978881835906
5.75,5.98904,-0.23903989791870117
5.91,6.450724,-0.5407241249084471
6.36,6.5002937,-0.1402937316894528
6.66,6.4533625,0.20663753509521499
0.0,0.005817055,-0.005817054770886898
5.93,6.1823545,-0.25235445022583036
7.0,6.482404,0.5175957679748535
6.47,6.5998454,-0.1298454093933108
6.46,6.4722724,-0.01227239608764652
6.43,6.459757,-0.029756851196289347
6.33,6.3741283,-0.044128341674804616
6.37,6.378866,-0.008866195678710831
11.0,10.623666,0.37633419036865234
6.67,6.431764,0.23823587417602532
6.94,6.507135,0.43286508560180703
6.37,6.2474427,0.12255727767944347
5.93,6.0203123,-0.090312309265137
6.55,6.2746587,0.2753413200378416
6.15,6.1034546,0.046545410156250355
6.36,6.623491,-0.2634908103942868
6.2,5.944403,0.25559682846069354
6.51,6.5294538,-0.01945375442504904
6.96,6.6827,0.2772998428344726
6.64,6.5042734,0.13572658538818327
6.43,6.4767947,-0.046794719696045206
6.49,6.285107,0.20489286422729514
6.11,6.053848,0.05615221023559602
6.95,6.532474,0.41752595901489276
6.87,6.696092,0.173907871246338
8.28,6.284736,1.9952638435363763
6.55,7.269038,-0.7190382003784181
6.06,6.0604677,-0.00046772003173867205
6.77,6.538387,0.2316131782531734
6.63,6.5310555,0.09894454956054677
6.2,5.917009,0.28299112319946307
5.19,1.2225053,3.9674946689605717
6.6,6.6839876,-0.08398761749267614
5.74,6.0279036,-0.28790355682373026
6.71,6.2886724,0.4213275527954101
6.12,5.995271,0.1247287940979005
6.63,5.920288,0.7097119140624999
6.56,6.5497856,0.010214385986327734
6.6,6.5659785,0.03402147293090785
6.59,6.409835,0.18016513824462876
6.67,6.556316,0.11368410110473626
6.06,5.9985785,0.061421451568603125
6.62,6.4919224,0.12807762145996104
0.0,0.4733743,-0.47337430715560913
5.69,6.0605407,-0.37054067611694297
5.87,6.0184975,-0.14849746704101552
6.37,6.1801476,0.1898523521423341
6.15,6.084212,0.06578817367553746
6.57,6.473129,0.09687120437622099
6.37,6.523252,-0.15325201034545888
0.0,0.48117986,-0.4811798632144928
6.39,6.105984,0.2840157890319821
6.32,6.1021967,0.21780330657959013
6.76,6.6608853,0.09911466598510721
4.72,3.6089365,1.1110634517669675
5.81,6.0418773,-0.23187726974487344
6.22,6.045037,0.1749632072448728
6.5,6.50758,-0.007579803466796875
6.01,6.0415053,-0.03150533676147482
6.21,6.2658734,-0.055873432159423864
6.45,6.457208,-0.007208156585693182
6.65,6.3731747,0.2768253326416019
6.42,5.9260635,0.4939364624023437
5.19,3.8903003,1.2996997261047367
6.49,5.960772,0.5292279624938967
6.4,6.4495153,-0.04951534271240199
6.29,6.6871796,-0.39717956542968746
11.15,11.274137,-0.12413654327392543
6.45,6.3272896,0.12271041870117205
5.88,6.003338,-0.12333786010742198
6.44,6.3376017,0.10239833831787148
6.48,6.3256965,0.15430353164672894
6.48,6.35473,0.12526987075805707
6.85,6.4312015,0.4187985420227047
6.55,6.3789096,0.1710904121398924
6.71,6.4558315,0.254168472290039
7.28,6.736345,0.5436551856994631
6.33,6.471918,-0.1419181060791015
6.49,6.4060874,0.08391260147094748
6.47,6.508036,-0.038036136627197514
6.33,6.044758,0.28524215698242195
6.28,6.440247,-0.16024705886840795
6.43,6.5543556,-0.12435562133789091
6.26,6.141376,0.11862398147582986
6.4,6.372216,0.0277837753295902
7.03,6.6460733,0.38392665863037134
6.39,6.47042,-0.08041988372802766
5.38,3.2615867,2.118413333892822
7.32,6.8560343,0.4639657211303714
0.0,0.35799134,-0.3579913377761841
6.664186096,6.3940306,0.2701555250161132
5.91,6.0754848,-0.16548475265502915
6.66,6.433518,0.22648206710815444
6.5,6.357018,0.14298200607299805
6.1,6.5115247,-0.4115246772766117
-1.72e-107,-0.76007956,0.760079562664032
6.45,6.2700377,0.17996234893798846
6.53,6.5269947,0.003005294799804936
6.53,6.4499145,0.08008554458618189
6.46,6.411901,0.04809900283813473
6.7,6.673966,0.026034069061279475
6.81,6.636598,0.173401889801025
6.44,6.525209,-0.08520895004272422
7.45,7.1251273,0.32487268447875994
11.08,11.068748,0.011251525878906321
6.41,6.643786,-0.23378595352172837
6.16,6.1737633,-0.013763275146484233
6.45,6.486982,-0.03698186874389631
6.24,6.4786596,-0.23865962982177713
6.38,5.145769,1.2342308807373046
6.6,6.7130413,-0.11304130554199254
6.62,6.4727197,0.1472803306579591
6.39,6.218334,0.1716658020019528
6.39,6.387611,0.0023890876770016334
6.63,6.485573,0.14442718505859364
6.47,6.481939,-0.011938838958740483
6.06,6.009198,0.05080181121826133
5.53,5.9457383,-0.41573831558227514
6.36,6.529671,-0.16967119216918913
6.5,6.475478,0.024521827697753906
6.55,6.8151846,-0.26518459320068377
6.59,6.4431086,0.1468914413452147
6.47,6.439016,0.030984134674072017
6.83,6.4233217,0.4066782760620118
6.35,6.3307495,0.019250488281249645
6.17,6.3681655,-0.19816549301147468
6.61,6.5295606,0.08043943405151399
6.12,6.458411,-0.33841121673583974
6.61,6.122156,0.48784385681152376
6.85,6.4359784,0.4140215873718258
6.06,6.1143513,-0.0543512725830082
6.67,6.360668,0.30933181762695305
6.52,6.1840024,0.3359976005554195
6.22,6.3225393,-0.10253932952880884
6.25,6.1664414,0.08355855941772461
6.55,6.4773345,0.07266550064086896
6.61,6.4255157,0.18448434829711946
6.28,6.5330195,-0.25301954269409155
6.29,6.4892077,-0.19920774459838864
6.4,6.395182,0.00481786727905309
6.0,5.995368,0.004631996154785156
6.53,6.3613815,0.1686184692382815
5.95,5.7149024,0.2350975990295412
6.2,5.996616,0.20338411331176776
6.36,6.1354795,0.22452054977417024
6.55,6.5489306,0.0010693550109861505
6.44,6.571012,-0.1310120201110836
7.32,6.9273024,0.3926976394653323
6.24,6.1764274,0.06357263565063498
6.4,6.459078,-0.05907783508300746
6.84,6.546668,0.29333194732666
6.83,6.4450173,0.3849826622009278
6.53,6.6279283,-0.09792825698852514
6.56,6.596469,-0.03646892547607461
6.55,6.737861,-0.18786115646362322
5.93,6.046219,-0.11621887207031278
11.02,8.599519,2.420481224060058
6.66,6.150432,0.5095678901672365
6.58,6.4486876,0.13131244659423835
6.39,6.3265376,0.06346239089965788
6.73,6.5392447,0.19075534820556683
7.39,7.1853285,0.2046715164184567
6.4,7.419388,-1.0193878173828121
4.65,6.5162015,-1.8662014961242672
6.96,6.3610835,0.5989164924621582
6.01,6.1083374,-0.09833740234375021
6.65,5.2312994,1.4187005996704105
6.46,6.576117,-0.11611703872680668
7.36,6.962905,0.3970950698852542
7.71,8.394209,-0.6842089080810547
6.11,5.997693,0.11230693817138704
6.4,6.3862166,0.013783359527588246
6.14,5.9887395,0.15126050949096648
6.27,6.040398,0.22960187911987262
0.0,0.1826323,-0.18263229727745056
6.39,6.5154505,-0.12545047760009798
6.57,6.15396,0.4160397720336917
6.76,6.0534315,0.7065684890747068
7.34,7.2943335,0.045666542053222514
6.49,6.344313,0.14568685531616232
6.73,6.4655905,0.26440952301025433
6.44,6.408761,0.031238975524902735
6.62,6.045898,0.5741020393371583
6.59,6.5147114,0.07528861999511705
6.49,6.6327696,-0.1427695846557615
6.61,6.504886,0.1051138496398929
6.07,5.956693,0.1133068275451663
7.17,6.5954957,0.5745042991638183
6.29,6.363823,-0.07382293701171871
5.98,5.9450135,0.034986476898193786
5.86,6.041611,-0.18161119461059538
5.93,5.9598436,-0.029843635559082315
6.36,6.563104,-0.20310415267944304
6.21,6.4666405,-0.2566404724121094
6.42,6.449862,-0.029862003326416087
6.04,6.0048,0.03520015716552738
6.64,6.515835,0.1241651916503903
6.51,6.473107,0.036893138885497834
6.43,6.625889,-0.1958888244628909
6.67,6.622734,0.04726593017578118
6.45,6.1213408,0.32865924835205096
6.59,6.2410946,0.3489054107666014
0.0,0.16220419,-0.16220419108867645
6.72,6.4296002,0.2903997611999509
6.27,5.918986,0.3510141563415523
6.63,6.1810646,0.44893539428710927
6.44,6.3171153,0.12288469314575234
6.13,5.9631557,0.16684425354003896
5.63,5.2219005,0.40809953689575185
6.6,6.160307,0.43969306945800746
7.02,6.6863284,0.33367158889770465
6.6,6.5578547,0.04214534759521449
6.6,6.6987476,-0.09874763488769567
6.49,6.5028872,-0.012887248992919709
6.77,6.462349,0.3076510620117183
6.34,6.013145,0.3268550300598143
7.09,6.670726,0.4192741775512694
5.96,5.9544854,0.005514583587646449
7.02,6.555639,0.46436120986938434
6.67,6.478038,0.19196216583251946
6.78,6.702,0.07799985885620142
6.84,6.508939,0.3310612106323241
6.17,6.033563,0.13643686294555657
0.0,-0.38486692,0.3848669230937958
4.93,3.6013095,1.3286904621124265
9.57,6.399906,3.1700938415527347
6.8,6.166447,0.633552837371826
6.54,6.305663,0.23433689117431644
6.56,5.9490123,0.6109877204895016
6.2,6.035186,0.16481418609619158
6.41,6.441463,-0.03146299362182603
6.55,6.385815,0.16418485641479474
6.07,5.9607577,0.10924226760864286
5.48,6.0540814,-0.5740814399719234
6.37,6.4835963,-0.11359632492065419
6.68,6.302931,0.37706916809082003
6.51,6.3525543,0.1574456787109373
6.21,6.2480474,-0.03804735183715824
6.4,6.383753,0.016247177124023793
5.92,5.9863296,-0.06632955551147468
7.0,6.665957,0.334043025970459
6.38,6.189421,0.1905788230895995
5.76,6.0265326,-0.2665326499938967
6.47,6.131029,0.33897087097167944
6.6,6.658811,-0.05881109237670934
6.65,6.433906,0.2160939216613773
6.5,6.50689,-0.006889820098876953
6.21,6.4446583,-0.23465827941894535
6.38,6.4052405,-0.02524053573608409
6.37,6.5067024,-0.13670242309570302
7.24,7.172119,0.06788085937500021
6.27,6.4374743,-0.16747425079345746
6.33,6.0904703,0.23952968597412116
6.45,6.4155097,0.03449029922485369
6.65,6.5169125,0.13308753967285192
6.5,6.501331,-0.0013308525085449219
6.3,6.413868,-0.1138679504394533
6.91,6.474882,0.43511787414550795
6.78,6.602115,0.17788484573364283
6.74,6.6962953,0.04370473861694357
5.92,5.9035068,0.016493244171142507
6.4,6.279837,0.12016286849975621
6.66,6.5402308,0.11976924896240249
6.67,6.4425893,0.22741071701049798
6.38,6.1553736,0.22462642669677724
6.68,6.6878824,-0.00788242340087919
6.78,6.493384,0.2866161155700686
6.57,6.5030503,0.0669496726989749
6.7,6.4773917,0.22260828018188494
6.71,6.1557627,0.5542373275756836
6.89,6.5626564,0.32734359741210906
6.33,6.3361716,-0.006171627044677663
6.06,5.9540224,0.10597759246826133
5.95,6.005201,-0.05520086288452131
6.39,6.1876874,0.20231260299682585
6.55,6.4433928,0.1066072463989256
6.67,6.757914,-0.08791406631469734
6.53,6.390637,0.13936307907104517
7.42,7.09777,0.3222297859191894
6.44,6.3988194,0.04118055343627969
6.77,6.548947,0.221053142547607
5.17,2.5286453,2.6413547229766845
6.48,6.037007,0.4429931449890141
6.71,6.4103146,0.2996854400634765
7.33,6.542092,0.7879081535339356
6.42,6.329167,0.0908331108093261
6.85,6.4178042,0.4321957588195797
6.09,5.9877057,0.10229429244995103
6.61,6.4961257,0.11387430191040071
6.64,6.5525146,0.08748544692993132
0.0,3.0503042,-3.0503041744232178
6.5,6.491114,0.008885860443115234
6.48,6.554949,-0.07494880676269489
6.94,6.8004184,0.13958162307739297
6.49,6.535727,-0.04572702407836893
6.45,6.36093,0.08907003402709979
6.44,6.3260436,0.11395639419555703
6.65,6.391261,0.2587388992309574
6.49,6.1427526,0.34724735260009787
6.27,6.2021236,0.06787635803222614
6.52,6.4358015,0.0841984939575191
6.67,6.5380087,0.13199131011962884
6.69,6.5023403,0.18765968322753945
6.32,6.3238716,-0.0038716125488278408
4.8,0.593145,4.20685498714447
6.65,6.1706495,0.4793504714965824
6.22,6.06381,0.15619012832641577
6.34,6.4893165,-0.14931646347045913
6.53,6.5126905,0.01730945587158228
6.43,6.497493,-0.06749279022216825
6.6,6.7632046,-0.1632045745849613
6.65,6.3352833,0.31471672058105504
6.95,6.47861,0.47138996124267596
5.71,5.9588494,-0.24884943008422855
6.59,6.3779554,0.2120445632934569
7.62,7.004039,0.6159611892700196
7.35,7.0386395,0.3113604545593258
6.54,6.633184,-0.0931839561462402
6.06,6.0294814,0.030518589019775
6.11,6.1060934,0.003906593322754226
7.19,7.0724463,0.1175536537170414
6.73,6.088977,0.6410231399536137
6.49,6.386585,0.10341476440429709
6.63,6.5521383,0.0778616714477538
6.56,6.3987694,0.16123062133789023
6.5,6.5023594,-0.0023593902587890625
0.0,-0.07015471,0.07015471160411835
6.53,6.4719806,0.05801942825317408
5.95,6.018548,-0.06854801177978498
7.14,6.622762,0.517237796783447
6.28,6.49032,-0.2103202056884763
6.53,6.157987,0.37201288223266626
5.86,6.1100326,-0.2500325584411618
6.62,6.635406,-0.01540601730346669
6.41,6.0151424,0.3948575592041017
6.49,6.7825727,-0.29257274627685526
5.99,6.021403,-0.03140283584594705
6.45,6.3981705,0.05182952880859393
0.0,0.50398743,-0.5039874315261841
0.0,0.038488276,-0.038488276302814484
6.61,6.4012375,0.20876251220703157
6.51,6.381881,0.1281187629699705
6.33,6.4237833,-0.09378330230712884
6.84,6.4544086,0.38559135437011705
6.32,5.907768,0.41223222732543974
6.46,7.8398395,-1.3798394584655762
6.45,6.405914,0.04408617019653338
6.27,6.402036,-0.1320361900329594
7.13,6.67547,0.45453012466430653
6.57,6.6228886,-0.05288856506347628
4.61,3.468864,1.1411360359191898
5.99,6.0168276,-0.026827583312988068
6.25,6.1328673,0.11713266372680664
6.87,6.681371,0.18862878799438487
6.6,6.221569,0.37843093872070277
6.53,6.456402,0.07359817504882837
6.34,6.481951,-0.14195123672485366
0.0,-0.21346891,0.21346890926361084
6.43,6.597225,-0.16722518920898466
6.84,6.495304,0.34469589233398423
6.22,6.200875,0.019125194549560298
6.48,6.2908683,0.1891317176818852
6.51,6.129526,0.3804738616943357
6.68,6.5015974,0.17840259552001925
6.15,6.2123713,-0.06237134933471644
6.29,6.383919,-0.09391876220703121
6.49,6.080077,0.4099228286743166
6.54,6.336221,0.20377878189086918
6.4,6.5589733,-0.15897331237792933
6.71,6.398263,0.3117370223999023
6.38,6.624498,-0.24449789047241222
6.04,5.9701295,0.0698705101013184
6.86,6.585832,0.2741678810119632
6.35,5.9113317,0.43866834640502894
6.76,6.5147514,0.2452485656738279
7.18,6.658323,0.5216771888732907
6.23,6.523239,-0.2932391357421871
6.67,6.9452963,-0.27529628753662116
6.14,6.564717,-0.42471681594848665
6.06,5.9894505,0.07054954528808555
6.19,6.0018163,0.1881837272644047
6.33,6.260239,0.06976087570190437
7.26,7.473432,-0.2134320640563967
6.94,6.588996,0.35100406646728555
6.48,6.3425326,0.137467365264893
7.31,6.4894776,0.820522365570068
6.17,6.37974,-0.20974023818969734
7.31,7.0082297,0.3017702674865719
5.61,6.0730567,-0.46305669784545866
6.69,6.473048,0.21695178985595742
6.87,6.321379,0.5486208152770997
7.38,7.1681795,0.2118204879760741
6.38,6.394105,-0.014104957580566513
5.65,6.160078,-0.5100780487060543
0.0,-0.5489989,0.5489988923072815
0.0,5.3253407,-5.325340747833252
6.07,6.1867256,-0.11672561645507784
5.91,5.966289,-0.05628904342651353
6.51,6.398308,0.11169219970703104
5.95,5.7827697,0.16723031997680682
6.48,6.4952807,-0.015280742645263246
6.71,6.7468095,-0.036809482574462926
6.49,6.4632025,0.02679752349853537
6.41,6.446557,-0.036557044982910014
6.49,6.6730103,-0.18301034927368143
6.31,6.230958,0.0790420150756832
6.1,6.047837,0.05216321945190394
6.68,6.761454,-0.08145410537719755
6.6,6.4228373,0.17716274261474574
6.75,6.5016885,0.24831151962280273
6.26,6.5390224,-0.27902244567871115
6.27,6.370959,-0.10095880508422894
6.01,5.848758,0.16124177932739236
10.96,10.60916,0.35083957672119226
6.83,6.8115106,0.018489437103271555
6.54,6.3413568,0.19864324569702152
5.78,5.9135127,-0.13351270675659155
6.92,6.3784194,0.5415806007385253
6.88,6.7145367,0.1654633331298827
9.62,8.216964,1.4030362319946281
6.55,6.471396,0.07860403060913068
6.52,6.0897946,0.4302053642272945
5.85,5.9920964,-0.14209642410278356
7.05,6.5894938,0.4605062484741209
6.53,6.509625,0.02037504196167017
6.8,6.7660627,0.033937263488769354
6.34,6.378316,-0.03831592559814467
6.34,6.3653617,-0.025361690521240376
6.49,6.5677214,-0.077721366882324
5.95,5.98845,-0.03845005035400373
6.08,6.3999414,-0.3199414443969726
5.94,6.0173717,-0.07737165451049766
6.55,6.4474583,0.10254173278808576
0.0,6.6773496,-6.67734956741333
7.43,8.264521,-0.8345206451416018
0.0,-0.0246175,0.024617500603199005
0.0,5.767728,-5.767727851867676
6.94,6.6611195,0.2788805389404301
5.76,6.066859,-0.306858768463135
6.37,6.5330834,-0.1630834388732909
6.68,6.321909,0.35809104919433565
6.52,6.488102,0.03189804077148395
6.36,6.3897414,-0.02974142074584929
7.11,6.8435006,0.26649938583374055
6.57,7.5862927,-1.016292743682861
6.44,6.420492,0.019507827758789453
6.56,6.4891815,0.07081848144531211
5.96,5.555664,0.40433593749999996
6.41,6.4075575,0.0024425125122071734
11.35,11.161011,0.18898925781249964
6.59,6.1689215,0.42107852935791
6.41,6.4706597,-0.060659732818603374
6.56,6.1905274,0.36947256088256797
6.56,6.413609,0.14639097213745078
6.66,6.629247,0.030752811431884908
6.28,6.309424,-0.029423923492431392
6.36,6.4631395,-0.10313953399658171
6.14,6.560009,-0.4200090026855472
6.42,6.381787,0.03821317672729485
6.64,6.4610662,0.17893375396728484
6.44,6.1854978,0.2545022392272953
6.52,6.41579,0.10420991897582965
7.0,6.9350305,0.06496953964233398
4.94,4.397215,0.5427851104736332
6.6,6.489367,0.11063299179077113
6.43,6.5291433,-0.09914333343505888
6.51,6.5757866,-0.06578659057617209
6.93,6.3804226,0.5495774078369138
7.39,7.171145,0.21885503768920866
6.46,6.4707465,-0.01074651718139652
6.42,6.0941987,0.3258012962341308
6.46,6.3724194,0.08758064270019528
11.42,9.160989,2.2590111923217773
6.68,6.614257,0.06574314117431612
9.32,7.9647737,1.3552263450622561
6.33,6.472188,-0.14218799591064446
6.5,6.639855,-0.13985490798950195
0.0,4.7406325,-4.7406325340271
6.53,6.160647,0.36935308456420923
6.1,6.8057785,-0.7057785034179691
6.19,6.4707704,-0.28077035903930625
6.6,6.5938272,0.0061727523803707385
6.28,6.2770386,0.0029614257812502487
0.0,1.1645904,-1.1645903587341309
6.76,6.6885467,0.07145334243774393
6.556364002,6.099503,0.4568609616862789
6.34,6.2896724,0.05032762527465806
6.28,6.453051,-0.17305109024047827
7.2,7.127351,0.07264919281005877
0.0,0.95044386,-0.9504438638687134
4.61,0.66182256,3.9481774425506595
6.79,6.5451365,0.24486354827880863
0.0,6.011449,-6.011448860168457
6.6,6.636102,-0.036102199554443715
6.29,6.1701536,0.11984638214111332
6.45,6.3417053,0.10829467773437518
6.77,6.409155,0.36084510803222614
7.44,7.161929,0.27807086944580117
6.33,6.35104,-0.021039886474609304
6.42,6.4440746,-0.02407463073730476
6.44,6.326179,0.11382097244262734
0.0,-0.043535326,0.043535325676202774
5.88,6.0185227,-0.1385227394104005
6.32,6.4016533,-0.08165328979492159
6.48,6.4041533,0.07584665298461957
6.42,6.49347,-0.07347019195556648
6.32,5.605215,0.7147849273681643
6.75,6.527001,0.22299909591674805
6.27,6.2462826,0.023717422485351136
6.46,6.4247217,0.03527828216552731
6.66,6.4355083,0.2244917488098146
6.66,7.093377,-0.433377113342285
6.42,6.551177,-0.13117702484130866
6.38,5.918111,0.46188915252685536
6.35,5.8387885,0.5112114906311032
6.72,6.578407,0.1415931892395017
6.23,6.573118,-0.34311820983886676
6.81,6.3032436,0.5067563629150387
6.55,6.0376034,0.5123966217041014
6.13,6.0044007,0.12559926986694325
6.36,6.499538,-0.13953794479370085
6.41,6.198764,0.21123615264892592
6.73,6.5793614,0.15063856124877972
6.38,6.474164,-0.09416400909423839
6.51,5.818913,0.691087017059326
6.24,6.075999,0.16400121688842795
11.22,10.960901,0.2590987396240241
6.81,6.3918443,0.4181557273864742
5.6,5.9740987,-0.3740986824035648
6.43,6.4467883,-0.016788311004638956
6.41,5.8113885,0.5986115074157716
6.58,6.588482,-0.008481903076171804
6.28,6.212745,0.0672548103332522
6.49,6.2542915,0.2357084655761721
0.0,-0.061706144,0.061706144362688065
6.64,6.5308633,0.10913671493530241
6.4,6.4320307,-0.0320306777954098
6.47,6.1155853,0.35441467285156225
6.04,6.2072096,-0.16720958709716793
6.71,6.588344,0.12165590286254879
6.48,6.4983172,-0.018317241668700746
6.43,6.1506534,0.2793466377258298
6.39,6.4423604,-0.05236040115356477
7.99,7.9676456,0.02235435485839865
6.39,6.3719335,0.018066539764403977
5.15,5.2533603,-0.10336027145385707
6.25,6.3167486,-0.06674861907958984
7.08,6.429626,0.6503740119934083
6.52,6.3574615,0.16253854751586871
6.38,6.3499513,0.030048732757568253
6.49,6.1562424,0.33375762939453146
6.72,6.4033966,0.31660339355468725
6.58,6.4562163,0.12378366470336921
6.58,6.580341,-0.0003408622741698508
6.52,6.5116844,0.008315582275390199
6.58,7.0733647,-0.49336473464965813
6.28,6.158642,0.12135818481445337
6.25,6.4453177,-0.19531774520874023
4.91,3.2302115,1.6797885036468507
6.56,6.4507303,0.1092696762084957
6.73,6.4292583,0.30074165344238324
6.75,6.4783554,0.27164459228515625
6.58,6.447207,0.13279302597045906
6.57,6.2838244,0.2861755561828616
0.0,0.3990036,-0.3990035951137543
6.34,6.3633766,-0.023376617431640767
0.0,0.17613637,-0.17613637447357178
6.59,6.526425,0.06357511520385728
5.9,6.052698,-0.1526981353759762
6.49,6.428124,0.06187604904174826
6.52,6.1682806,0.35171939849853473
6.38,6.3053555,0.07464445114135732
6.07,5.8699102,0.20008975982666044
6.67,6.394984,0.27501623153686516
6.59,6.5413685,0.048631515502929545
6.6,6.463635,0.13636503219604457
6.58,7.2199135,-0.6399134826660156
6.56,6.500196,0.059804019927978125
6.97,6.649819,0.3201811027526853
6.55,6.3528776,0.1971223831176756
6.26,5.9918313,0.2681686973571775
5.38,3.9336445,1.4463554668426513
6.49,6.4248567,0.06514333724975607
6.57,6.570306,-0.00030582427978487203
6.92,7.2918663,-0.37186630249023445
6.22,5.1784577,1.0415422630310056
0.0,0.0821566,-0.08215659856796265
6.5,6.403471,0.09652900695800781
6.69,6.5389895,0.15101045608520547
6.41,5.968895,0.4411050415039064
6.29,5.9887414,0.301258602142334
5.18,7.081817,-1.901817150115967
6.3,6.2698846,0.030115413665771307
6.73,6.621156,0.10884378433227582
7.21,8.155508,-0.945508041381836
6.19,6.4087005,-0.21870046615600547
7.3,7.0402546,0.259745407104492
6.55,6.510441,0.0395591735839842
0.0,0.3443797,-0.3443796932697296
6.69,6.234159,0.4558410072326664
6.5,6.516488,-0.016488075256347656
5.85,6.049286,-0.19928588867187536
9.87,8.685932,1.184067840576171
6.97,6.7364535,0.23354646682739233
6.69,6.756279,-0.06627899169921836
5.89,6.035622,-0.14562211990356477
6.35,6.2205744,0.1294256210327145
6.73,6.522676,0.20732400894165082
6.5,6.430563,0.06943702697753906
6.42,6.5001526,-0.08015258789062507
6.81,6.7103157,0.09968429565429648
7.36,7.2876496,0.07235036849975618
6.47,6.3769655,0.09303447723388647
6.43,6.4671493,-0.037149257659912394
6.42,5.9710164,0.4489835929870605
6.4,6.6019535,-0.2019535064697262
6.61,5.9730372,0.636962757110596
6.38,6.21513,0.16487014770507802
4.74,2.6597493,2.0802507305145266
6.53,6.342283,0.18771722793579126
0.0,6.040744,-6.040743827819824
6.07,6.020792,0.04920799255371122
6.12,6.259154,-0.13915384292602528
6.44,6.518898,-0.07889801025390586
6.59,6.4493337,0.1406663322448729
6.56,6.1654525,0.3945475196838375
6.48,6.3615456,0.1184544372558598
7.31,7.024055,0.28594499588012656
6.48,6.398384,0.08161590576171918
6.48,6.1299686,0.35003135681152386
7.17,6.600175,0.569825096130371
8.21,7.831501,0.3784989929199227
4.94,5.1238728,-0.18387275695800742
6.73,6.5113864,0.218613605499268
6.67,6.4957223,0.17427770614624016
0.0,-0.044469927,0.0444699265062809
6.61,6.3666425,0.2433575248718265
6.65,6.4866066,0.16339340209960973
6.37,6.3947062,-0.02470624923706044
6.44,6.3247857,0.11521429061889688
6.36,6.2391777,0.12082229614257844
6.39,6.3754396,0.014560356140136399
6.2,5.985411,0.2145888328552248
6.21,6.1928344,0.017165622711181605
0.0,6.184347,-6.184347152709961
6.86,6.4750957,0.38490425109863313
6.55,6.267053,0.28294687271118146
6.03,6.0456066,-0.015606613159179439
5.1,3.0164967,2.0835033416748043
6.55,6.3382707,0.21172933578491193
5.89,5.997027,-0.10702692031860384
5.95,6.089812,-0.1398118019104002
6.45,6.410036,0.039963912963867365
6.26,6.034412,0.22558809280395486
6.56,6.248298,0.31170183181762656
6.69,6.5188017,0.17119831085205117
6.24,6.352234,-0.11223388671874979
1.956322297,5.422451,-3.4661287222871096
6.52,6.522676,-0.0026759910583500357
5.86,5.9961023,-0.13610233306884734
6.85,6.4129944,0.43700561523437464
6.72,6.706333,0.013666839599609126
6.31,6.676562,-0.3665618324279789
6.59,6.3191867,0.27081331253051744
6.31,6.2263827,0.08361726760864219
6.41,6.1857195,0.2242805099487306
6.51,6.457142,0.05285812377929666
6.37,6.4988174,-0.12881744384765614
6.82,6.4473634,0.37263662338256864
6.45,6.4449887,0.0050112724304200995
7.33,7.2020893,0.12791069030761726
6.48,6.468363,0.011637191772461364
6.41,6.459459,-0.04945882797241197
6.85,6.6557117,0.19428834915161097
5.06,5.6134953,-0.5534953498840336
5.89,5.8003197,0.0896803283691403
6.94,7.177351,-0.2373509979248043
6.66,6.7469296,-0.08692964553832994
6.13,5.834746,0.2952541160583495
5.91,6.0164204,-0.10642036437988267
6.48,6.480777,-0.0007767868041987924
6.56,6.5002356,0.059764442443847265
6.53,6.410508,0.11949184417724634
8.12,8.418177,-0.29817665100097734
5.88,6.03016,-0.15015995025634776
5.82,6.0116086,-0.1916086006164548
6.75,6.278436,0.47156381607055664
6.4,6.502174,-0.10217390060424769
6.4,6.405518,-0.005518054962157848
6.44,6.327279,0.11272090911865273
6.53,6.3825564,0.14744356155395533
6.62,6.4132195,0.20678054809570323
6.1,5.9037504,0.19624958038330043
6.37,6.4627724,-0.09277236938476552
5.83,6.016392,-0.18639223098754876
6.31,6.365465,-0.0554651641845707
5.04,4.2927237,0.7472763442993164
6.14,6.587167,-0.447166786193848
6.5,6.521025,-0.02102518081665039
5.82,5.690952,0.12904817581176786
6.55,6.353056,0.19694404602050763
6.7,6.4835024,0.2164976119995119
6.04,6.060826,-0.020825824737548793
6.4,6.4147525,-0.014752483367919567
6.56,6.3351803,0.22481971740722617
6.77,6.318136,0.45186378479003864
6.49,6.3405046,0.14949535369873068
6.46,6.3158207,0.1441793060302734
7.08,6.6977315,0.3822685050964356
6.36,6.2000036,0.15999637603759798
7.34,6.754011,0.5859888458251952
6.6,6.41102,0.18898019790649379
6.4,6.3031564,0.09684362411499059
6.71,6.30934,0.4006599998474121
6.52,6.433679,0.08632089614868121
6.5,6.48327,0.01672983169555664
6.73,6.4190254,0.3109745788574223
6.79,6.499468,0.2905321502685547
6.36,6.546137,-0.18613685607910124
6.75,6.422864,0.3271360397338867
11.11,10.487135,0.6228650665283197
6.66,6.3521624,0.3078376388549806
6.03,6.393137,-0.3631369781494138
6.5,6.5501027,-0.05010271072387695
6.29,6.5082374,-0.21823736190795895
5.83,5.97411,-0.14411012649536126
6.41,6.42573,-0.015730228424072124
5.96,6.0915837,-0.13158372879028324
6.36,6.3447227,0.015277252197265945
6.53,6.61937,-0.08936998367309545
6.2,6.4854236,-0.2854235649108885
6.31,6.618836,-0.3088359260559086
6.79,7.10849,-0.31848999023437496
5.79,6.023684,-0.23368402481079098
9.86,8.197553,1.6624473190307612
6.23,6.0302153,0.1997847366333012
6.25,6.5201836,-0.2701835632324219
6.38,6.3822203,-0.0022202682495118253
6.06,6.036202,0.023798046112060156
6.27,6.196525,0.07347490310668903
6.7,6.694333,0.005666923522949396
6.47,6.448468,0.02153179168701147
4.83,3.6923008,1.137699203491211
6.64,5.6978593,0.9421407127380368
6.51,6.031605,0.47839523315429666
6.68,6.6218247,0.058175258636474325
6.53,6.5646043,-0.03460428237915014
6.41,6.200686,0.20931402206420913
6.5,6.4491878,0.0508122444152832
6.57,6.550304,0.019696063995361612
6.48,6.4931045,-0.013104457855224183
6.92,6.5369043,0.3830956649780273
5.87,6.262134,-0.3921340751647948
6.38,6.5067415,-0.1267415237426759
6.37,6.4617615,-0.0917614746093749
6.35,6.4365726,-0.08657255172729528
6.29,6.376129,-0.08612915039062496
6.2,6.0383534,0.16164655685424822
6.6,6.387701,0.2122989654541012
10.89,11.018434,-0.12843357086181584
6.58,6.505201,0.07479913711547859
6.69,6.3511434,0.33885663986206094
11.04,10.949921,0.09007934570312415
6.4,6.349417,0.050582790374756215
6.37,6.5763717,-0.206371669769287
6.47,6.60199,-0.13199022293090845
6.42,6.666665,-0.24666507720947273
6.44,6.6039233,-0.16392332077026328
6.89,6.2191463,0.6708537483215329
5.01,3.7874887,1.2225113010406492
6.33,6.3584394,-0.028439445495605398
6.29,6.3800287,-0.09002872467041012
6.63,6.413572,0.2164281654357909
6.66,6.4428024,0.2171975708007814
6.53,6.19026,0.33974006652832056
6.5,6.197645,0.3023548126220703
6.76,6.5243063,0.2356937026977537
7.27,8.011831,-0.7418312835693364
6.6,6.4362535,0.1637464523315426
6.72,6.4564238,0.26357624053955053
7.1,6.599536,0.5004640579223629
6.26,6.2388015,0.021198520660400177
6.58,6.3855433,0.19445665359497077
6.37,6.3325987,0.03740131378173839
6.72,6.4550414,0.2649585914611814
6.48,6.0436754,0.4363245773315434
6.49,6.4852924,0.004707565307617401
6.76,6.405095,0.35490489959716776
6.74,6.3339763,0.40602373123168967
6.34,6.303508,0.03649219512939439
6.43,6.1900697,0.23993032455444308
5.82,6.160626,-0.3406259346008298
6.45,6.4585814,-0.008581447601318182
6.63,7.80386,-1.1738601875305177
6.3,5.941129,0.35887079238891584
6.44,6.584302,-0.1443019485473629
0.0,0.7385909,-0.7385908961296082
6.64,6.526289,0.11371101379394499
7.44,7.3670893,0.07291072845459023
6.69,6.586774,0.10322612762451211
6.28,6.303099,-0.023099155426025142
6.15,5.964634,0.18536605834960973
6.52,6.562651,-0.04265115737915082
5.95,5.9786954,-0.0286953926086424
6.56,6.39187,0.16812997817993125
6.36,6.3612657,-0.0012656593322750709
5.94,6.0319595,-0.09195953369140586
6.59,6.503686,0.0863140487670897
6.5,6.224615,0.27538490295410156
6.61,6.4693303,0.14066968917846712
6.9,6.3116117,0.5883883476257328
6.3,6.431421,-0.13142080307006854
6.18,5.9502864,0.22971361160278292
7.21,7.303208,-0.09320787429809574
6.58,6.479717,0.1002832221984864
6.34,6.4998426,-0.1598426437377931
6.42,6.193082,0.22691814422607415
6.67,6.534877,0.13512317657470696
5.94,6.11226,-0.17225986480712852
0.0,6.0308156,-6.030815601348877
6.53,6.379395,0.15060499191284205
6.44,6.4095597,0.0304402732849125
6.67,6.2559333,0.41406671524047844
6.48,6.5452557,-0.06525566101074176
6.39,5.288845,1.1011549377441403
5.91,5.9144397,-0.00443967819213853
6.18,6.3575153,-0.1775153350830081
6.41,6.0552735,0.3547264671325685
6.37,6.102598,0.2674018096923829
6.05,6.365297,-0.3152968406677248
6.6,6.42152,0.17847976684570277
6.25,6.292206,-0.042205810546875
6.21,6.6839504,-0.473950424194336
6.09,6.757066,-0.667065773010254
6.64,6.4696026,0.1703974151611325
6.46,6.333577,0.12642284393310543
6.41,6.4305086,-0.02050861358642564
5.96,5.881872,0.07812782287597653
6.51,6.459182,0.05081821441650369
0.0,0.125627,-0.12562699615955353
6.77,6.032384,0.7376160812377925
6.38,6.3420987,0.037901287078857315
5.95,6.0216727,-0.07167272567749006
6.63,6.523847,0.10615289688110341
6.69,6.7986245,-0.10862451553344687
6.04,5.9771156,0.06288436889648441
6.6,6.4909716,0.10902843475341761
6.4,6.3239126,0.07608737945556676
6.41,6.3385053,0.07149473190307631
5.97,6.078473,-0.10847309112548853
0.0,1.1290272,-1.129027247428894
0.0,0.53892046,-0.5389204621315002
6.35,6.3911653,-0.041165256500244496
6.74,6.212945,0.5270550155639651
6.2,6.0158453,0.18415470123291033
6.52,6.488018,0.0319819641113277
6.8,6.391879,0.4081209182739256
6.8,6.286198,0.513801860809326
7.84,8.1519,-0.31190029144287124
6.75,6.218434,0.5315661430358887
7.08,6.361435,0.7185650634765626
6.44,6.3490543,0.09094566345214883
6.93,6.51282,0.4171802330017087
6.28,6.2552123,0.02478769302368189
0.0,2.7242389,-2.724238872528076
6.67,6.6029396,0.0670603942871093
6.62,6.299613,0.32038700103759776
6.74,6.4227657,0.3172342681884768
6.14,5.9912457,0.14875425338745085
6.65,6.3603754,0.2896245956420902
5.89,5.9654007,-0.07540069580078157
6.05,6.087165,-0.03716487884521502
6.41,6.0819573,0.3280426597595216
6.54,6.467053,0.07294706344604496
6.83,6.4681716,0.36182840347290046
6.54,6.4602156,0.07978443145751957
6.59,6.292607,0.29739316940307603
6.24,6.4013224,-0.1613223648071287
5.93,6.0610313,-0.13103134155273466
10.85,11.028661,-0.1786607742309574
6.39,6.4109597,-0.020959720611572585
6.69,6.4574165,0.23258346557617227
6.56,6.4473524,0.11264759063720664
6.26,6.384503,-0.12450288772583029
6.41,6.2593794,0.15062061309814467
6.36,6.267723,0.09227691650390657
6.23,6.545957,-0.31595708847045856
6.73,6.303083,0.42691705703735394
6.78,6.559822,0.220177917480469
4.94,4.5085864,0.4314135932922367
7.27,7.1789193,0.09108068466186481
6.61,6.4180775,0.19192253112793
6.75,6.686537,0.06346321105957031
6.89,6.741892,0.14810813903808562
5.77,5.982773,-0.21277282714843793
6.44,6.495763,-0.05576282501220664
6.47,6.4184246,0.051575393676757564
6.46,6.3959455,0.0640544509887695
6.44,6.39176,0.04824012756347695
6.17,6.075753,0.09424678802490227
6.48,6.3122215,0.16777847290039105
5.79,5.150041,0.6399588966369629
6.44,6.388668,0.051331939697266016
6.91,6.6833453,0.22665468215942397
0.0,6.1005135,-6.100513458251953
5.75,5.9904656,-0.24046564102172852
6.27,6.1114187,0.15858127593994098
6.3,6.36628,-0.06628007888793963
6.78,6.4987297,0.2812702941894534
6.13,6.0668135,0.06318653106689442
10.92,10.767684,0.15231601715087884
6.48,6.4015484,0.07845161437988324
7.04,6.6482816,0.39171842575073246
6.01,6.0630326,-0.053032627105713104
6.37,6.663088,-0.2930878448486327
6.41,6.4889975,-0.07899745941162095
6.33,6.064821,0.26517923355102546
6.76,6.140366,0.6196339225769041
0.0,1.1509174,-1.150917410850525
6.61,6.5036254,0.10637460708618196
6.3,6.0674896,0.23251037597656232
5.89,6.036362,-0.14636217117309602
6.96,6.58586,0.3741402244567871
6.5,6.3172092,0.18279075622558594
6.46,6.4957495,-0.03574947357177738
6.88,6.466164,0.41383588790893544
6.22,6.398729,-0.17872884750366236
6.73,6.4622607,0.26773927688598675
6.77,5.910455,0.8595447731018062
6.7,6.6584773,0.04152269363403338
6.25,6.279773,-0.029773235321044922
6.33,6.4077673,-0.07776729583740227
6.46,6.3594246,0.10057540893554684
5.87,6.080739,-0.21073902130126942
6.37,6.4849367,-0.11493671417236317
6.5,6.1483073,0.35169267654418945
6.05,6.452208,-0.40220804214477557
6.72,6.668272,0.051727981567382564
6.49,6.51841,-0.02841020584106424
6.78,6.496258,0.2837422180175784
6.35,6.158945,0.19105491638183558
5.81,6.017915,-0.2079147720336918
7.33,6.809864,0.520135955810547
6.59,6.4506226,0.13937744140624986
6.81,7.1847363,-0.3747362518310551
6.53,6.459883,0.07011678695678736
6.55,6.4555945,0.09440546035766584
6.49,6.483794,0.006205787658691619
6.48,6.4745727,0.005427341461182067
6.36,6.287758,0.07224212646484407
7.13,6.9695015,0.16049850463867177
6.68,7.0939364,-0.4139364433288577
6.33,6.0253196,0.30468042373657234
6.33,6.0119114,0.318088607788086
6.68,6.7257943,-0.04579431533813505
6.33,6.36652,-0.036519927978515554
6.38,6.4423,-0.06229984283447276
6.62,6.496944,0.12305604934692393
7.21,6.4461203,0.7638797378540039
6.45,6.4681873,-0.018187332153320135
6.48,6.402092,0.07790802001953168
0.0,0.09199666,-0.09199666231870651
0.0,6.425853,-6.4258527755737305
6.4,6.6962047,-0.2962046623229977
6.54,6.409871,0.1301288986206055
6.8,6.4742823,0.32571773529052717
5.95,6.057332,-0.10733203887939435
6.68,6.170842,0.5091578292846677
5.95,5.9925556,-0.042555618286132635
6.77,6.682501,0.08749916076660114
6.3,6.596132,-0.2961318016052248
6.17,6.4759383,-0.3059383201599122
6.38,6.4018517,-0.02185165405273448
6.49,6.4406576,0.04934238433837912
6.71,5.9580994,0.751900634765625
6.34,6.43628,-0.09627977371215835
6.31,6.535829,-0.225829067230225
6.67,6.444062,0.22593776702880852
6.57,6.6241493,-0.05414932250976534
6.65,6.3351455,0.31485452651977575
7.01,6.340871,0.6691291427612303
6.76,6.432171,0.3278291320800779
6.82,6.776613,0.04338676452636747
6.65,6.5315986,0.11840143203735387
6.1,6.283277,-0.18327703475952184
6.66,6.176954,0.48304620742797866
9.37,6.814217,2.5557829093933098
6.33,6.336896,-0.00689594268798821
6.8,6.5298834,0.27011661529541
5.85,5.976271,-0.12627115249633825
6.52,6.5476704,-0.02767036437988324
6.94,6.5246625,0.41533750534057656
6.71,6.6816983,0.028301677703857386
6.61,6.4698744,0.14012561798095735
6.38,6.487205,-0.10720502853393565
6.45,6.3779373,0.07206268310546893
6.53,6.436881,0.0931189346313479
6.57,6.4221706,0.14782936096191435
5.99,6.0649996,-0.07499958038330057
6.53,6.358147,0.1718528556823733
6.62,6.156102,0.4638978195190431
6.64,6.400073,0.23992694854736296
6.26,6.0870376,0.17296243667602518
6.05,6.0292006,0.020799446105956854
6.06,6.074392,-0.014391841888428125
6.27,6.312833,-0.04283283233642621
0.0,0.17563576,-0.17563575506210327
6.59,6.4573097,0.13269027709960923
6.65,5.971617,0.678382778167725
6.28,6.1490726,0.1309273529052737
7.53,7.2695374,0.2604625511169436
7.46,6.6663346,0.7936653709411621
6.68,6.6170897,0.06291025161743136
6.58,6.5440807,0.035919265747070384
6.48,6.4668584,0.013141613006592223
6.53,6.447988,0.08201196670532251
6.01,6.038382,-0.028382053375244354
6.36,5.387576,0.9724238967895511
6.14,6.352431,-0.2124308204650882
6.66,6.2202725,0.43972745895385756
5.08,3.290147,1.789852933883667
7.32,7.2026377,0.11736232757568388
7.33,6.7759132,0.5540867614746094
10.86,10.724399,0.1356013870239252
6.67,6.2924128,0.3775872421264648
5.74,5.9713383,-0.23133827209472635
6.54,6.374634,0.16536621093750004
6.39,6.238886,0.15111412048339812
6.57,6.199964,0.3700359535217288
6.59,6.49126,0.09873994827270494
6.31,6.540076,-0.23007577896118203
6.52,6.419993,0.10000707626342731
4.77,3.2234123,1.5465877246856685
7.06,5.8526897,1.2073102569580074
1.809897829,5.8897867,-4.079888891275878
5.86,6.205478,-0.3454781913757321
6.38,6.4003854,-0.020385379791259872
6.77,6.4477053,0.3222947311401363
6.56,6.1298413,0.4301586723327633
6.46,6.345226,0.11477418899536129
6.53,6.3092437,0.2207563209533694
6.97,6.291276,0.6787240219116208
6.36,6.518356,-0.15835584640502898
6.3,6.421888,-0.12188787460327166
6.34,6.330857,0.009143199920654155
5.98,5.092372,0.8876280593872075
6.81,6.553379,0.256620941162109
6.65,6.4342504,0.21574964523315465
6.52,6.4498277,0.07017232894897418
6.7,6.345983,0.35401697158813494
6.32,6.4598684,-0.1398684310913083
6.35,6.164996,0.18500385284423793
5.65,5.9588847,-0.3088847160339352
5.88,5.6534877,0.2265123176574706
6.22,6.117797,0.10220310211181616
6.43,6.408782,0.021217994689941122
6.31,6.361271,-0.051270904541016016
6.34,6.4616337,-0.1216336822509767
6.55,6.527786,0.022214221954345525
6.41,6.3237743,0.08622566223144545
6.47,6.466081,0.003918857574462642
7.35,6.5098495,0.8401504516601559
6.76,6.548309,0.211691150665283
7.71,7.894291,-0.18429092407226566
6.75,6.5388865,0.21111345291137695
7.76,8.022736,-0.2627355957031252
11.16,9.638197,1.5218030548095705
6.78,6.483046,0.29695394515991236
6.64,6.415792,0.22420801162719695
8.42,7.869111,0.5508889389038085
11.33,8.649201,2.6807986068725587
6.1,6.059371,0.04062900543212855
0.0,0.09209596,-0.09209596365690231
6.39,6.4395413,-0.0495413398742679
6.67,6.4469914,0.22300855636596673
6.79,6.5648074,0.2251925849914551
5.14,1.2831851,3.856814875602722
6.38,6.174979,0.20502079010009755
0.0,0.095278166,-0.09527816623449326
6.24,6.105298,0.13470195770263693
6.7,6.4582944,0.2417056083679201
6.94,6.676719,0.26328081130981484
6.4,6.465887,-0.06588706970214808
6.5,6.5038047,-0.0038046836853027344
5.69,5.708499,-0.018498954772948828
6.65,6.4424,0.20760002136230504
6.36,6.5114856,-0.15148557662963835
7.52,8.343945,-0.8239445495605473
6.5,6.3709407,0.1290593147277832
6.47,6.6819115,-0.21191146850585962
6.18,6.007195,0.17280500411987276
6.43,6.3839355,0.046064548492431356
6.04,6.0446,-0.004600009918212855
5.14,3.5006318,1.6393681907653805
11.1,9.046079,2.053921318054199
7.13,6.7199483,0.41005170822143544
6.1,7.0577774,-0.9577774047851566
6.34,6.30146,0.03854021072387681
6.23,6.156438,0.0735621261596684
6.58,6.40234,0.1776600646972657
6.51,6.279976,0.23002410888671854
6.56,6.430743,0.1292567825317379
6.55,6.7184978,-0.16849775314331072
6.58,6.485567,0.09443290710449226
6.99,6.6549726,0.3350274467468264
4.71,2.1867418,2.523258171081543
6.71,6.588014,0.12198587417602536
6.6,6.493625,0.10637483596801722
7.45,7.322301,0.12769908905029315
6.35,6.2461934,0.10380659103393519
0.0,0.64469767,-0.6446976661682129
6.81,6.4452386,0.3647614097595211
6.78,6.479991,0.3000090408325198
6.13,6.1098447,0.020155315399169815
6.14,6.0817895,0.058210506439208665
5.83,6.313214,-0.48321382522583
6.29,6.535051,-0.24505086898803707
6.58,5.9601912,0.619808750152588
6.42,8.933891,-2.513891296386719
5.89,6.042828,-0.1528280830383304
6.37,6.5421634,-0.17216337203979482
6.69,6.487591,0.20240921020507852
6.46,6.3754725,0.08452745437622067
5.88,6.0607347,-0.18073474884033214
6.24,6.4247293,-0.1847293472290037
6.48,6.299973,0.18002698898315472
6.65,6.737191,-0.0871912002563473
7.29,7.170732,0.11926797866821293
6.45,6.2704606,0.1795393943786623
6.66,6.460257,0.199742946624756
6.56,6.4093094,0.15069061279296836
10.88,10.248424,0.6315764236450203
6.51,6.5128155,-0.0028154754638674007
6.03,6.056153,-0.026152820587157954
6.34,6.233165,0.10683521270751939
6.59,6.523002,0.06699785232543931
5.97,6.002498,-0.03249814987182642
5.79,6.007499,-0.2174992179870605
6.6,6.473264,0.12673578262329066
10.06,8.126027,1.933972892761231
5.94,6.0582094,-0.11820941925048789
6.54,6.3883824,0.15161756515502933
6.77,6.049744,0.7202558708190914
0.0,6.248855,-6.248855113983154
6.43,6.545349,-0.11534912109375028
6.92,6.5915146,0.3284854125976562
6.19,5.997949,0.19205087661743203
6.71,6.59555,0.11444993972778317
6.82,6.618856,0.20114404678344755
6.37,6.5318108,-0.16181076049804677
6.37,6.4020195,-0.03201950073242177
6.48,6.5482354,-0.06823541641235309
6.93,7.427837,-0.49783689498901396
6.57,6.425485,0.14451486587524442
6.58,6.0753436,0.5046563911437989
5.67,5.9888453,-0.31884534835815437
5.99,5.9659643,0.02403568267822287
7.25,6.839839,0.41016101837158203
8.27,7.989613,0.28038694381713825
6.42,6.5642147,-0.1442147064208985
6.3,6.1587462,0.14125375747680646
6.37,6.5840383,-0.21403825759887685
6.69,6.834765,-0.14476495742797812
6.39,6.3939342,-0.003934249877930007
6.64,6.436734,0.2032658004760739
6.36,5.6474147,0.712585315704346
6.71,6.5637407,0.14625926971435543
6.42,6.6721478,-0.25214775085449226
5.48,3.6853123,1.7946877288818364
0.0,0.9165498,-0.916549801826477
7.3,7.469336,-0.16933603286743182
6.84,6.540163,0.29983695983886705
6.66,6.49423,0.16577020645141616
6.3,6.4390264,-0.13902635574340838
6.46,6.115249,0.34475084304809567
6.93,6.5868783,0.34312170028686495
6.37,6.0953426,0.27465736389160167
6.33,6.5479317,-0.21793167114257805
6.68,6.451959,0.22804086685180636
6.59,6.510808,0.07919200897216783
6.84,6.6483717,0.1916283035278319
6.16,6.184574,-0.024574127197265483
6.65,6.098786,0.5512141227722172
5.79,5.9129286,-0.12292858123779293
6.52,6.407188,0.11281206130981403
0.0,0.82296336,-0.8229633569717407
6.65,6.4937887,0.15621128082275426
6.54,6.345898,0.19410184860229496
6.51,6.398107,0.11189294815063455
6.92,6.4658346,0.45416538238525384
6.24,6.099706,0.14029382705688498
6.62,6.6055956,0.014404411315918075
6.06,5.984475,0.07552486419677695
0.0,0.021285562,-0.021285561844706535
6.03,5.9621177,0.06788232803344751
6.67,6.3146544,0.3553456497192382
5.57,6.0191016,-0.4491016197204587
6.6,6.31482,0.28518018722534144
6.36,6.4260535,-0.06605352401733366
6.58,6.6809497,-0.1009496879577636
6.36,6.3911595,-0.031159534454345383
6.45,6.39744,0.052560043334961115
5.97,5.99961,-0.029609947204590092
6.69,6.431118,0.258881988525391
6.57,6.5280313,0.04196865081787138
0.0,-0.14996883,0.14996883273124695
6.3,6.26241,0.03758983612060529
6.28,6.3237343,-0.043734283447265376
11.33,8.137839,3.1921606826782227
5.88,5.93594,-0.05593978881835948
6.89,6.5696325,0.32036746978759734
6.35,6.656338,-0.30633821487426793
0.0,0.19673951,-0.19673950970172882
6.28,6.0290914,0.2509086418151858
6.24,6.2849097,-0.04490972518920877
8.91,5.947013,2.962987098693848
6.72,6.4705334,0.24946662902832006
6.82,6.476623,0.3433769416809085
0.0,5.9667687,-5.966768741607666
6.4,6.4162135,-0.01621351242065394
6.63,6.992712,-0.36271202087402354
6.55,6.526703,0.023297119140624822
5.63,6.0047064,-0.37470638275146495
7.12,6.6715913,0.44840871810913097
6.32,6.366107,-0.046106986999511435
6.42,6.430422,-0.010421829223632884
7.22,7.122781,0.0972192001342771
6.03,6.036785,-0.006785125732421626
6.47,6.4785624,-0.008562355041504155
5.89,6.031706,-0.1417058563232425
6.3,6.3797545,-0.07975454330444354
6.57,6.1492076,0.42079240798950224
5.96,6.2619905,-0.3019905471801758
6.42,6.305339,0.11466114044189446
5.73,6.0746017,-0.3446016502380367
6.51,6.5462875,-0.03628753662109396
6.5,6.9054704,-0.4054703712463379
0.0,-0.13198373,0.13198372721672058
6.38,6.4613695,-0.08136951446533214
6.08,5.959793,0.12020690917968757
0.0,1.1975197,-1.1975196599960327
6.47,6.4876842,-0.017684249877929936
6.61,5.8728523,0.7371476745605472
6.79,6.0966897,0.6933102989196778
6.77,6.531017,0.2389831733703609
6.15,6.09217,0.05783023834228551
6.98,3.7580154,3.221984605789185
6.53,6.31945,0.2105500984191897
6.64,6.486686,0.15331377029418913
6.18,6.2428026,-0.06280261993408232
6.69,6.419605,0.27039522171020547
6.76,6.3149843,0.4450156784057615
7.28,6.4763417,0.8036582756042483
6.66,6.425304,0.23469606399536147
6.35,6.020136,0.3298641204833981
6.38,6.3942704,-0.014270420074462997
6.07,6.067749,0.0022509765625002842
6.43,6.0044665,0.42553346633911104
6.15,6.023193,0.12680711746215856
6.13,6.41326,-0.28325998306274425
6.51,6.5090027,0.0009973144531247868
6.26,6.3448772,-0.0848772430419924
6.32,6.4666376,-0.14663761138915987
6.56,6.364524,0.19547611236572227
6.67,6.299115,0.37088481903076165
6.41,6.35674,0.05326000213623061
5.83,6.003343,-0.17334310531616204
6.56,6.4510984,0.10890155792236289
6.67,6.423219,0.24678079605102532
6.73,6.467309,0.26269100189209027
6.64,5.9392886,0.7007113838195798
6.37,6.444921,-0.07492101669311513
6.55,6.494695,0.05530481338500959
11.88,6.1761947,5.703805332183839
7.44,7.165211,0.27478879928588906
5.98,6.007518,-0.027517814636230042
7.53,7.216374,0.3136260795593264
6.45,6.1000843,0.34991569519042987
6.16,6.0659566,0.09404340744018569
6.55,6.4324293,0.11757068634033185
6.05,6.371375,-0.32137508392334
7.09,6.4313803,0.6586197280883788
6.51,6.4932575,0.016742477416991974
6.47,6.5798545,-0.10985448837280298
6.53,6.5488453,-0.018845291137695064
5.65,4.5061793,1.143820667266846
6.38,6.6603127,-0.28031265258789073
6.35,6.12881,0.22119007110595668
6.48,6.5758057,-0.09580566406249957
6.5,6.4628997,0.03710031509399414
6.34,6.0282335,0.3117664718627928
6.05,5.9953065,0.05469350814819318
6.62,6.4483156,0.17168437957763683
6.5,5.7599115,0.7400884628295898
6.11,5.993979,0.11602102279663118
6.41,6.587587,-0.17758687973022447
0.0,6.377175,-6.3771748542785645
6.32,5.8256497,0.4943502616882327
6.52,6.4023204,0.11767961502075153
6.49,6.416575,0.07342504501342795
6.79,6.624852,0.165147819519043
6.92,6.3468957,0.5731043052673339
6.18,6.311522,-0.13152200698852567
5.84,6.009985,-0.16998497009277358
6.3,6.0737634,0.2262366294860838
0.0,6.546759,-6.546759128570557
6.39,5.4025164,0.9874836349487301
5.32,3.8096845,1.5103154850006106
0.0,1.5729432,-1.5729432106018066
6.49,6.3745704,0.11542963027954123
6.55,6.480338,0.06966190338134748
6.33,6.546503,-0.2165030670166015
6.12,6.031683,0.08831703186035167
0.0,2.5634186,-2.5634186267852783
6.29,6.4584694,-0.1684693908691406
6.75,6.5843873,0.16561269760131836
6.39,6.21356,0.1764398956298825
6.46,6.1826367,0.27736326217651364
6.82,6.446767,0.37323314666748075
6.5,6.50587,-0.005869865417480469
6.62,6.4705796,0.14942037582397472
6.06,6.039546,0.02045398712158164
5.93,6.0148973,-0.08489734649658232
6.15,6.478244,-0.32824382781982386
6.13,5.9783726,0.15162742614746083
6.6,6.0123873,0.5876127243041989
6.2,6.065425,0.1345750808715822
6.49,5.7562633,0.7337367439270022
6.24,6.6430016,-0.40300155639648416
6.21,6.028992,0.18100782394409176
6.49,6.3891177,0.10088228225708029
6.53,6.347425,0.18257501602172876
6.35,6.526087,-0.17608680725097692
6.43,6.073227,0.3567730712890622
6.7,6.371218,0.32878179550170916
5.94,6.011612,-0.07161193847656211
6.28,6.04933,0.23066976547241236
6.08,6.0784297,0.0015703010559082742
0.0,0.7631967,-0.7631967067718506
6.82,7.0018525,-0.18185251235961886
6.4,6.471437,-0.07143697738647425
6.46,6.3368006,0.12319942474365231
5.73,5.9797554,-0.2497554016113277
6.78,6.6828465,0.09715345382690455
6.46,6.058465,0.4015349960327148
5.81,6.2030377,-0.3930377388000492
7.36,6.9833794,0.37662063598632844
6.63,6.6362777,-0.006277675628662216
6.84,6.874394,-0.03439393997192397
6.41,6.008499,0.40150085449218764
0.0,5.796933,-5.796933174133301
5.41,3.0752368,2.3347632026672365
6.47,6.497079,-0.027078895568847905
6.42,6.421169,-0.001168804168701243
6.04,6.0617075,-0.02170749664306637
6.83,6.365461,0.4645391273498536
6.7,6.6243033,0.07569665908813494
5.89,5.955322,-0.06532178878784212
6.58,6.5642986,0.015701370239257884
6.37,6.6046224,-0.23462236404418935
5.78,6.0710254,-0.2910253715515134
6.8,6.6864753,0.11352472305297834
6.38,6.465168,-0.08516799926757823
7.1,6.511244,0.58875617980957
11.05,10.637785,0.4122150421142585
6.9,6.4902105,0.4097894668579105
6.64,6.4459524,0.1940475845336911
6.06,6.104681,-0.04468101501464883
6.71,6.4892855,0.22071453094482418
6.54,6.4873924,0.05260757446289066
6.61,6.4193435,0.1906565284729007
6.57,6.4225426,0.1474574279785159
6.41,5.8026347,0.6073652839660646
6.38,6.0533576,0.3266423988342284
0.0,-0.1375253,0.1375253051519394
0.0,1.8088341,-1.8088340759277344
6.22,6.022427,0.19757291793823217
7.03,6.4706116,0.5593884277343752
6.49,6.447377,0.04262279510498068
6.59,6.4477243,0.14227565765380845
6.8,6.52263,0.2773697853088377
6.13,6.059625,0.07037485122680653
6.45,6.590942,-0.14094190597534162
7.36,7.053754,0.30624614715576204
6.59,6.182147,0.40785297393798814
6.64,6.493864,0.1461359405517575
5.81,5.943507,-0.13350719451904336
6.46,6.260383,0.19961687088012692
6.12,6.4550004,-0.3350004005432128
5.32,5.2689853,0.05101472854614286
4.76,3.1084466,1.6515534019470213
6.23,6.1103153,0.11968467712402386
6.12,6.0390606,0.08093940734863292
6.44,6.5194263,-0.07942634582519492
7.01,6.9492016,0.0607984161376951
6.71,6.3730564,0.3369435882568359
6.4,6.445974,-0.04597387313842738
0.0,-0.6792754,0.679275393486023
6.53,6.737592,-0.20759222030639624
6.66,6.44177,0.21822992324829116
6.4,6.3986483,0.001351737976074574
6.28,6.3343177,-0.054317684173583736
6.55,6.2378407,0.3121593475341795
6.75,6.5060706,0.24392938613891602
6.64,6.4404235,0.19957651138305632
6.35,6.3987594,-0.048759365081787465
7.21,6.611751,0.5982489204406738
6.65,6.3873444,0.26265563964843786
6.43,6.335134,0.09486597061157198
5.01,4.779598,0.2304017639160154
6.41,6.447493,-0.03749307632446275
6.68,6.415387,0.26461284637451143
5.11,5.0777116,0.03228841781616243
6.42,6.5560484,-0.1360483932495118
6.57,6.463579,0.10642082214355497
6.75,6.479049,0.2709507942199707
7.79,7.814026,-0.024025878906249964
6.37,6.4924846,-0.12248456954956044
4.98,3.591734,1.3882660675048832
6.63,6.4062977,0.22370231628417958
6.3,6.1878743,0.11212568283081037
6.03,5.973639,0.05636098861694361
6.46,6.4172273,0.042772731781005824
6.64,6.4960203,0.14397968292236296
6.38,6.3734407,0.006559257507324112
6.87,6.497519,0.37248098373413097
6.34,6.3953032,-0.055303249359131
6.45,6.469344,-0.019344139099120916
6.34,6.5518255,-0.21182552337646499
6.37,6.462063,-0.09206283569335927
6.53,6.4867387,0.04326131820678736
6.6,6.4542456,0.1457544326782223
5.76,6.0006933,-0.24069332122802756
6.38,6.72586,-0.3458601188659669
6.49,6.4798617,0.010138263702392791
6.22,5.393075,0.8269250106811521
0.0,-0.72881126,0.7288112640380859
6.43,6.32222,0.10778015136718722
6.39,6.377506,0.012494220733642258
6.65,6.537435,0.11256494522094762
6.57,5.6427794,0.9272206497192386
6.42,6.4983096,-0.07830961227416999
6.41,6.28451,0.12548986434936538
11.03,10.177605,0.8523953247070306
6.37,6.0439515,0.32604848861694347
6.75,6.364164,0.385836124420166
6.14,6.087736,0.05226387023925749
6.73,6.884197,-0.15419723510742145
6.45,6.4781055,-0.028105545043945135
7.12,7.128785,-0.0087851333618163
6.07,6.569805,-0.4998051452636716
6.71,5.806432,0.9035682296752929
5.78,6.100782,-0.32078191757202124
6.68,6.5568357,0.12316434860229464
6.38,6.341898,0.03810203552246083
6.49,6.2911844,0.1988155746459963
6.51,6.424222,0.085778007507324
6.26,6.477974,-0.21797393798828146
6.38,6.3411827,0.03881729125976552
5.88,6.0318675,-0.15186750411987315
6.07,5.9714985,0.09850151062011747
6.84,6.4728045,0.3671954536437987
6.69,6.38595,0.30404991149902383
5.62,4.3319526,1.2880474281311036
8.33,7.4412937,0.888706283569336
6.65,6.3664966,0.2835034370422367
0.0,0.60509145,-0.6050914525985718
7.37,6.955256,0.41474401473999034
6.75,7.1350513,-0.38505125045776367
5.88,5.968896,-0.08889591217041026
6.5,6.4798193,0.020180702209472656
6.18,6.4177394,-0.23773939132690458
0.0,6.711279,-6.711278915405273
0.0,6.961123,-6.961122989654541
8.33,7.3248177,1.005182342529297
6.54,6.4688296,0.07117036819458011
6.6,6.263285,0.3367148399353024
5.83,6.022044,-0.1920441818237304
5.93,5.962615,-0.03261501312255888
6.6,5.9218416,0.6781583786010739
5.45,6.0662575,-0.6162574768066404
5.99,6.02069,-0.03068996429443338
5.47,5.4583845,0.011615486145019283
6.44,6.1083217,0.3316783332824711
0.0,6.6015635,-6.601563453674316
6.7,5.959992,0.740008068084717
6.7,6.753346,-0.05334596633911115
6.64,6.347042,0.2929579162597653
6.52,6.449474,0.0705261421203609
6.3,6.0192404,0.28075962066650373
6.54,6.3949428,0.14505723953247074
6.72,6.745255,-0.025254993438720952
6.59,6.400529,0.18947109222412095
0.0,7.0802608,-7.080260753631592
6.56,6.352189,0.2078109359741207
6.93,6.475653,0.4543468284606931
6.78,6.5744143,0.20558574676513697
6.46,6.4492264,0.010773620605468714
6.61,6.294814,0.3151858901977542
7.22,6.969888,0.2501117897033689
6.55,6.469357,0.08064298629760724
0.0,0.37109074,-0.37109073996543884
6.6,6.523244,0.07675609588623011
0.0,3.7286441,-3.7286441326141357
6.44,6.5686507,-0.12865072250366172
6.17,6.05381,0.11618988037109368
6.5,5.931015,0.5689849853515625
6.44,6.2970996,0.14290040969848672
6.59,5.6834326,0.9065674209594725
6.2,6.1572433,0.04275674819946307
6.46,6.367198,0.0928020095825195
11.23,11.203335,0.02666519165039105
4.8,2.8236947,1.976305294036865
6.22,6.1596036,0.06039640426635717
6.27,6.226052,0.04394819259643512
6.56,6.3332667,0.2267332649230953
6.46,6.4480553,0.01194473266601559
6.57,6.4282875,0.14171249389648466
6.59,6.375879,0.2141211891174315
6.44,6.400965,0.039034786224365625
6.55,5.9872165,0.5627835273742674
6.44,6.4157267,0.024273338317871485
6.18,5.9721746,0.20782535552978487
6.35,6.5314193,-0.18141927719116246
6.91,6.5271773,0.38282266616821303
6.4,6.5055456,-0.10554561614990199
6.59,6.448203,0.14179691314697251
6.46,6.354656,0.10534378051757809
6.68,5.6911025,0.9888974952697751
6.68,6.470598,0.2094017791748044
6.03,5.980431,0.049568920135498296
6.52,6.6220446,-0.10204456329345746
6.69,6.4728613,0.21713871002197305
6.9,6.394792,0.5052079200744632
11.29,8.723655,2.566345252990722
7.39,6.3078694,1.0821305656433102
11.11,10.435595,0.6744054412841791
6.78,6.3698416,0.41015842437744165
6.23,6.4339347,-0.2039346885681148
6.54,6.4748163,0.06518367767333988
6.52,6.3108125,0.20918752670288043
6.7,6.79756,-0.09756021499633771
4.85,4.9694214,-0.11942138671875036
6.55,6.3825073,0.16749267578124982
6.34,6.4580436,-0.11804357528686538
6.65,6.583886,0.0661138534545902
7.21,6.6754794,0.5345205879211425
6.59,6.339915,0.2500852012634276
6.56,6.6888843,-0.12888425827026406
5.95,5.993486,-0.04348592758178693
6.16,5.749049,0.4109508132934572
7.86,8.164362,-0.30436195373535124
7.27,7.250828,0.01917221069335895
6.69,6.089206,0.600793781280518
6.26,6.081064,0.17893577575683572
6.52,6.1409264,0.3790736389160152
7.4,7.3882027,0.01179733276367223
6.41,6.365495,0.04450479507446303
6.62,6.1097827,0.5102173042297364
6.13,6.013062,0.11693799972534169
6.3,6.6460123,-0.3460123062133791
7.27,6.4415927,0.8284073066711422
6.21,6.4044924,-0.19449237823486332
6.32,6.295826,0.02417404174804716
6.4,6.288765,0.1112350463867191
6.86,6.6062574,0.25374256134033235
6.48,6.3545823,0.12541769027710004
6.62,6.566099,0.05390083312988292
10.75,9.008429,1.7415714263916016
6.6,6.425228,0.17477188110351527
6.27,6.4066024,-0.13660238265991254
6.59,6.498056,0.091944065093994
5.87,6.0429783,-0.17297828674316396
6.12,5.9613233,0.15867673873901378
6.6,6.3776655,0.22233448028564418
6.3,6.3913894,-0.09138936996459979
6.3,6.4121137,-0.112113666534424
5.93,6.0250607,-0.09506065368652372
0.0,1.1218119,-1.121811866760254
6.62,6.305377,0.3146229934692384
5.95,5.934837,0.01516313552856463
0.0,0.2747158,-0.2747158110141754
6.66,6.4978576,0.16214242935180678
6.83,6.6554556,0.17454441070556648
8.42,7.236733,1.1832670402526855
6.08,6.1445637,-0.06456367492675774
0.0,5.923979,-5.923978805541992
6.69,6.4543953,0.23560470581054727
6.4,6.2796025,0.12039747238159215
6.41,6.2180586,0.19194141387939467
6.1,6.209799,-0.10979881286621129
6.75,6.4497175,0.30028247833251953
6.91,6.6796937,0.2303063011169435
6.99,6.368844,0.6211559677124026
6.77,6.4394093,0.33059074401855426
6.25,6.458821,-0.20882081985473633
6.94,6.454208,0.4857921028137211
0.0,0.21128406,-0.21128405630588531
5.94,6.0312667,-0.09126668930053672
6.57,6.4992847,0.07071525573730497
7.26,7.0662117,0.19378829956054666
6.41,6.4528556,-0.04285558700561509
9.47,7.4023776,2.067622394561768
5.67,6.5247793,-0.8547793197631837
6.53,6.4602504,0.06974962234497095
6.55,6.668122,-0.11812181472778338
6.83,6.8500066,-0.020006580352783132
5.54,6.0813627,-0.5413627243041992
6.23,6.3911858,-0.16118576049804645
6.4,5.868244,0.5317558288574222
6.46,6.5036993,-0.04369930267333988
0.0,6.4700255,-6.470025539398193
6.41,6.490579,-0.08057912826538072
6.6,6.4574785,0.1425214767456051
6.51,6.150432,0.3595678901672361
6.35,6.834788,-0.4847878456115726
5.85,6.128154,-0.2781538009643558
6.73,6.58936,0.1406397628784184
7.38,6.864295,0.51570499420166
6.45,6.021571,0.4284288406372072
6.11,6.029676,0.08032403945922884
6.67,6.402458,0.2675418090820312
6.31,5.9165874,0.39341264724731406
6.35,6.1931524,0.1568475723266598
6.72,6.6833405,0.03665945053100561
6.57,6.269728,0.3002718162536624
6.27,6.2825155,-0.01251552581787152
12.86,10.946447,1.913552627563476
6.42,6.3839087,0.036091251373290945
5.94,5.981175,-0.04117494583129844
6.45,6.13043,0.319569778442383
5.78,7.2333684,-1.453368396759033
6.27,6.483824,-0.2138237762451176
0.0,-0.24832475,0.24832475185394287
6.26,6.5892076,-0.32920764923095724
6.61,6.5605264,0.049473628997803054
6.32,6.295517,0.024483032226562784
5.78,5.928409,-0.14840909957885717
11.0,10.425731,0.5742692947387695
6.97,6.6518707,0.31812927246093725
6.43,6.4324636,-0.002463645935058878
6.53,6.4286566,0.1013434219360354
6.39,6.5143967,-0.12439666748046907
6.3,6.4013186,-0.10131855010986346
6.5,6.324722,0.1752781867980957
6.08,5.9826746,0.09732540130615241
6.52,6.477881,0.04211904525756793
6.53,6.38626,0.14373996734619165
6.25,6.141861,0.1081390380859375
6.65,6.6920776,-0.042077636718749645
6.67,6.5624022,0.10759775161743157
5.25,3.7966938,1.4533061981201172
6.45,6.3412704,0.10872955322265643
6.55,6.3664155,0.18358449935913068
6.38,6.3773885,0.0026115226745604403
6.44,6.445068,-0.005067882537841406
6.18,6.169806,0.010193996429443075
6.56,6.4900517,0.0699482536315914
6.33,6.4762845,-0.1462845039367675
4.83,2.162391,2.667609052658081
6.429657962,6.4862967,-0.05663869174755831
6.73,6.5155582,0.21444175720214886
6.6,6.408594,0.19140586853027308
6.36,6.3791203,-0.019120349884032883
6.5,6.4665437,0.03345632553100586
6.36,6.412015,-0.05201496124267546
6.12,6.071275,0.048724765777588
6.01,6.0640926,-0.05409263610839865
6.43,6.4479737,-0.017973728179931925
6.58,6.510625,0.06937511444091804
6.61,6.709126,-0.09912599563598601
6.03,5.870612,0.1593878555297854
6.54,6.476614,0.0633860015869141
6.23,6.0707006,0.15929935455322308
6.51,6.2971478,0.2128522491455076
6.42,6.562637,-0.14263685226440437
5.98,5.928428,0.05157182693481488
7.1,6.6093087,0.4906912803649899
6.54,6.560691,-0.020690879821777308
6.63,6.0426865,0.5873135375976561
6.49,6.570616,-0.08061576843261697
0.0,6.5333157,-6.533315658569336
5.62,6.185758,-0.5657581138610839
6.19,6.7282953,-0.5382953262329098
6.71,6.5900903,0.11990972518920895
6.39,5.960157,0.4298430824279782
6.65,6.5174956,0.1325043678283695
6.48,6.4294715,0.05052850723266644
6.34,6.5538936,-0.21389356613159194
6.1,5.9940543,0.10594568252563441
6.59,6.511773,0.0782268905639647
6.07,5.9836698,0.0863302421569827
5.97,5.90862,0.06138011932373022
6.62,6.491549,0.1284509849548341
6.12,6.1475496,-0.027549629211425675
6.71,6.0776095,0.6323904609680175
6.47,6.466269,0.0037309837341306107
6.16,6.1105304,0.04946962356567397
6.36,6.033476,0.32652412414550813
6.44,6.4590983,-0.019098339080810156
6.64,6.455305,0.184694900512695
7.2,6.6521096,0.5478903770446779
0.0,0.13955413,-0.13955412805080414
6.46,6.4231706,0.036829433441162074
6.67,6.5746536,0.09534637451171868
5.92,6.0152392,-0.09523923873901374
6.4,6.5087595,-0.10875949859619105
6.53,6.0256047,0.504395275115967
4.86,3.6088862,1.2511137580871585
6.85,6.7060733,0.14392671585082972
6.54,6.5007877,0.03921226501464847
6.22,5.9936576,0.22634241104125952
6.76,6.433555,0.32644487380981424
7.26,7.3991613,-0.13916133880615256
6.49,5.910781,0.5792190933227541
6.72,6.487447,0.23255321502685522
7.26,6.605452,0.6545479393005369
5.94,6.160882,-0.22088199615478477
6.62,6.1776133,0.4423867416381837
6.36,5.94927,0.4107302284240726
5.05,3.7852933,1.2647066593170164
6.33,6.108279,0.22172077178955085
6.97,6.628362,0.3416378211975095
6.44,6.61104,-0.17104011535644492
6.41,6.1169314,0.2930685615539552
6.69,6.4890385,0.20096153259277383
6.47,6.411135,0.058864803314208736
6.49,6.0546665,0.43533348083496115
0.0,-0.15437487,0.1543748676776886
0.0,6.475099,-6.475099086761475
6.73,6.6578918,0.07210824966430707
6.67,6.4643836,0.20561639785766594
6.45,6.4804096,-0.030409622192382635
6.64,6.418201,0.22179903030395476
6.2,6.1432943,0.056705665588379084
0.0,6.06647,-6.066470146179199
6.38,6.4712873,-0.09128725051879893
6.69,5.6830378,1.0069622421264652
6.21,6.2641783,-0.054178276062011754
0.0,-0.07993526,0.07993526011705399
6.28,6.430347,-0.15034696578979467
6.51,6.9861884,-0.4761884117126467
6.3,6.650238,-0.3502380371093752
6.44,6.5069056,-0.06690555572509727
6.76,6.456977,0.30302310943603494
6.65,6.4768095,0.17319049835205114
5.99,5.92841,0.061589946746826385
6.61,6.0569205,0.5530794715881351
6.97,6.403387,0.5666129302978513
0.0,0.7897851,-0.7897850871086121
6.6,6.410356,0.18964395523071254
6.24,6.086178,0.15382217407226584
6.6,6.459429,0.14057121276855433
6.48,6.4522457,0.02775428771972699
6.52,6.361238,0.15876199722289996
6.28,6.5443606,-0.2643606376647947
7.12,6.598201,0.5217992019653321
6.39,6.464078,-0.0740779495239261
0.0,-0.048964035,0.048964034765958786
6.45,6.0670657,0.38293428421020526
6.67,6.4555683,0.21443168640136712
6.41,6.4914827,-0.08148273468017564
5.93,6.110572,-0.18057186126709013
6.09,6.0796285,0.010371532440185405
5.99,6.070613,-0.08061290740966776
6.35,6.488529,-0.13852920532226598
6.54,6.540328,-0.0003280258178710582
6.63,6.5169005,0.11309946060180653
6.49,6.5896072,-0.09960723876953104
6.82,6.6313214,0.18867856979370146
6.36,6.478863,-0.11886276245117156
6.03,6.0116906,0.018309383392334233
6.8,6.577184,0.2228157997131346
0.0,6.437167,-6.437167167663574
6.72,6.415604,0.30439588546752905
7.21,7.3278894,-0.11788944244384769
6.33,6.4012733,-0.07127325057983391
6.54,6.5579495,-0.017949542999267543
0.0,6.5671387,-6.567138671875
6.52,6.4278913,0.09210874557495075
6.01,6.0866284,-0.07662843704223654
6.72,6.535888,0.18411180496215795
6.41,6.32642,0.08358016967773452
6.82,6.544541,0.2754591178894046
5.94,6.058871,-0.11887079238891562
6.92,6.6556826,0.26431743621826165
6.14,5.7807584,0.3592416191101071
6.28,6.0712333,0.20876672744751001
6.61,6.341166,0.26883398056030305
6.89,6.589832,0.30016817092895476
7.36,6.900285,0.4597152328491214
5.97,6.153169,-0.18316915512084986
