Feature,Importance,Cumulative Importance
Machine5.Temperature3.C.Actual,0.42619464,0.42619464
Machine2.RawMaterial.Property1,0.19295514,0.6191498
Machine3.MaterialTemperature.U.Actual,0.1199578,0.7391076
Machine5.Temperature4.C.Actual,0.032880336,0.7719879
Machine5.ExitTemperature.U.Actual,0.016155278,0.7881432
Machine1.RawMaterial.Property3,0.01463712,0.80278033
Machine4.ExitTemperature.U.Actual,0.012773754,0.8155541
Machine5.Temperature6.C.Actual,0.0102368295,0.8257909
Machine2.MaterialTemperature.U.Actual,0.008278083,0.83406895
Machine4.Temperature3.C.Actual,0.008169096,0.84223807
FirstStage.CombinerOperation.Temperature2.U.Actual,0.007695495,0.84993356
Machine1.MaterialPressure.U.Actual,0.006856706,0.85679024
Machine1.MotorAmperage.U.Actual,0.006851422,0.8636417
Machine1.Zone2Temperature.C.Actual,0.006307125,0.8699488
Machine1.ExitZoneTemperature.C.Actual,0.0058139646,0.87576276
Machine1.MaterialTemperature.U.Actual,0.00567452,0.8814373
AmbientConditions.AmbientHumidity.U.Actual,0.0056018094,0.8870391
Machine3.Zone2Temperature.C.Actual,0.0055192183,0.89255834
Machine3.Zone1Temperature.C.Actual,0.005163097,0.8977214
Machine3.MaterialPressure.U.Actual,0.0051224255,0.90284383
Machine4.Temperature4.C.Actual,0.005118971,0.9079628
FirstStage.CombinerOperation.Temperature1.U.Actual,0.004747368,0.9127102
Machine2.RawMaterialFeederParameter.U.Actual,0.0045035733,0.91721374
Machine3.MotorAmperage.U.Actual,0.0041650115,0.92137873
Machine4.Temperature2.C.Actual,0.004105178,0.9254839
Machine4.Temperature1.C.Actual,0.004082285,0.92956614
Machine3.MotorRPM.C.Actual,0.0040789093,0.93364507
Machine3.RawMaterialFeederParameter.U.Actual,0.0040194215,0.9376645
Machine2.Zone1Temperature.C.Actual,0.0039184913,0.941583
AmbientConditions.AmbientTemperature.U.Actual,0.0038892862,0.94547224
Machine1.RawMaterial.Property1,0.0038578964,0.94933015
Machine3.ExitZoneTemperature.C.Actual,0.0038575814,0.9531877
Machine1.RawMaterialFeederParameter.U.Actual,0.0036722485,0.95685995
Machine5.Temperature1.C.Actual,0.003482119,0.96034205
Machine4.Temperature5.C.Actual,0.0034801078,0.9638222
FirstStage.CombinerOperation.Temperature3.C.Actual,0.003465766,0.96728796
Machine1.MotorRPM.C.Actual,0.0034292256,0.9707172
Machine5.Temperature2.C.Actual,0.003330808,0.974048
Machine2.Zone2Temperature.C.Actual,0.0033105195,0.9773585
Machine2.MaterialPressure.U.Actual,0.0031508699,0.9805094
Machine2.ExitZoneTemperature.C.Actual,0.0031235535,0.983633
Machine4.Pressure.C.Actual,0.0030473866,0.9866804
Machine5.Temperature5.C.Actual,0.0029490557,0.98962945
Machine2.MotorAmperage.U.Actual,0.0029254542,0.9925549
Machine1.Zone1Temperature.C.Actual,0.002845194,0.9954001
Machine2.MotorRPM.C.Actual,0.0026957735,0.99809587
Machine2.RawMaterial.Property2,0.0015318128,0.9996277
Machine1.RawMaterial.Property2,0.0003723007,1.0
Machine1.RawMaterial.Property4,0.0,1.0
Machine2.RawMaterial.Property4,0.0,1.0
Machine3.RawMaterial.Property4,0.0,1.0
Machine3.RawMaterial.Property3,0.0,1.0
Machine3.RawMaterial.Property1,0.0,1.0
Machine2.RawMaterial.Property3,0.0,1.0
Machine3.RawMaterial.Property2,0.0,1.0
